ID;NAME;TYPE;SRC;REFYEAR
18490453;ADECCO GROUP AG;FIN_REP;https://www.adeccogroup.com/-/media/project/adecco-group/adeccogroup/pdf-files/2024-march/the-adecco-group-annual-report-2023.pdf;2023
18490453;ADECCO GROUP AG;OTHER;;
18490453;ADECCO GROUP AG;OTHER;;
18490453;ADECCO GROUP AG;OTHER;;
18490453;ADECCO GROUP AG;OTHER;;
18490453;ADECCO GROUP AG;OTHER;;
18503381;JOHNSON CONTROLS INTERNATIONAL PUBLIC LIMITED COMPANY;FIN_REP;https://investors.johnsoncontrols.com/~/media/Files/J/Johnson-Controls-IR/quarterly-reports/2023/fy2023-form-10-k-jci-plc.pdf;2023
18503381;JOHNSON CONTROLS INTERNATIONAL PUBLIC LIMITED COMPANY;OTHER;;
18503381;JOHNSON CONTROLS INTERNATIONAL PUBLIC LIMITED COMPANY;OTHER;;
18503381;JOHNSON CONTROLS INTERNATIONAL PUBLIC LIMITED COMPANY;OTHER;;
18503381;JOHNSON CONTROLS INTERNATIONAL PUBLIC LIMITED COMPANY;OTHER;;
18503381;JOHNSON CONTROLS INTERNATIONAL PUBLIC LIMITED COMPANY;OTHER;;
18503440;MAGNA INTERNATIONAL INC;FIN_REP;https://www.magna.com/docs/default-source/corporate-governance/disclosure-documents---2024/annual-report_cda.pdf?sfvrsn=f56d9508_11;2023
18503440;MAGNA INTERNATIONAL INC;OTHER;;
18503440;MAGNA INTERNATIONAL INC;OTHER;;
18503440;MAGNA INTERNATIONAL INC;OTHER;;
18503440;MAGNA INTERNATIONAL INC;OTHER;;
18503440;MAGNA INTERNATIONAL INC;OTHER;;
18511746;PUBLICIS GROUPE S A;FIN_REP;https://documents.publicisgroupe.com/resultats2023/PBS_ComptesConsolides2023_EN_MEL_24_02_15.pdf;2023
18511746;PUBLICIS GROUPE S A;OTHER;;
18511746;PUBLICIS GROUPE S A;OTHER;;
18511746;PUBLICIS GROUPE S A;OTHER;;
18511746;PUBLICIS GROUPE S A;OTHER;;
18511746;PUBLICIS GROUPE S A;OTHER;;
18512048;GEBR. KNAUF;FIN_REP;https://www.lobbyregister.bundestag.de/media/3f/73/486126/0001_Gebr-Knauf-KAP-31-12-2023-Testat-Offenlegung.pdf;2023
18512048;GEBR. KNAUF;OTHER;;
18512048;GEBR. KNAUF;OTHER;;
18512048;GEBR. KNAUF;OTHER;;
18512048;GEBR. KNAUF;OTHER;;
18512048;GEBR. KNAUF;OTHER;;
18519151;BRIDGESTONE CORPORATION;FIN_REP;https://www.bridgestone.com/corporate/library/annual_report/pdf/bs_annual_2020_financial.pdf;2020
18519151;BRIDGESTONE CORPORATION;OTHER;;
18519151;BRIDGESTONE CORPORATION;OTHER;;
18519151;BRIDGESTONE CORPORATION;OTHER;;
18519151;BRIDGESTONE CORPORATION;OTHER;;
18519151;BRIDGESTONE CORPORATION;OTHER;;
18520469;FERRERO;FIN_REP;https://www.ferrerosustainability.com/int/sites/ferrerosustainability_int/files/2024-05/ferrero_sustainability_report_2023_9.pdf;2023
18520469;FERRERO;OTHER;;
18520469;FERRERO;OTHER;;
18520469;FERRERO;OTHER;;
18520469;FERRERO;OTHER;;
18520469;FERRERO;OTHER;;
18521399;SUMITOMO CORPORATION;FIN_REP;https://www.smfg.co.jp/english/gr2023/pdf/2308_ird_e00.pdf;2023
18521399;SUMITOMO CORPORATION;OTHER;;
18521399;SUMITOMO CORPORATION;OTHER;;
18521399;SUMITOMO CORPORATION;OTHER;;
18521399;SUMITOMO CORPORATION;OTHER;;
18521399;SUMITOMO CORPORATION;OTHER;;
18527213;COMPAGNIE DE SAINT GOBAIN;FIN_REP;https://www.saint-gobain.com/sites/saint-gobain.com/files/media/document/Saint-Gobain-2022-2023-RAI-EN_01.pdf;2023
18527213;COMPAGNIE DE SAINT GOBAIN;OTHER;;
18527213;COMPAGNIE DE SAINT GOBAIN;OTHER;;
18527213;COMPAGNIE DE SAINT GOBAIN;OTHER;;
18527213;COMPAGNIE DE SAINT GOBAIN;OTHER;;
18527213;COMPAGNIE DE SAINT GOBAIN;OTHER;;
18535882;ABBOTT LABORATORIES;FIN_REP;https://www.abbottinvestor.com/static-files/6cb09c09-2422-40e0-a24b-6545ffcf5267;2023
18535882;ABBOTT LABORATORIES;OTHER;;
18535882;ABBOTT LABORATORIES;OTHER;;
18535882;ABBOTT LABORATORIES;OTHER;;
18535882;ABBOTT LABORATORIES;OTHER;;
18535882;ABBOTT LABORATORIES;OTHER;;
18539093;BP P.L.C.;FIN_REP;https://www.bp.com/content/dam/bp/business-sites/en/global/corporate/pdfs/investors/statements/bp-international-limited-2022.pdf;2022
18539093;BP P.L.C.;OTHER;;
18539093;BP P.L.C.;OTHER;;
18539093;BP P.L.C.;OTHER;;
18539093;BP P.L.C.;OTHER;;
18539093;BP P.L.C.;OTHER;;
18541762;ENGIE;FIN_REP;https://www.engie.com/sites/default/files/assets/documents/2025-03/2024+Management+report+and+Annual+consolidated+financial+statements.pdf;2024
18541762;ENGIE;OTHER;;
18541762;ENGIE;OTHER;;
18541762;ENGIE;OTHER;;
18541762;ENGIE;OTHER;;
18541762;ENGIE;OTHER;;
18543139;DENTSU GROUP INC.;FIN_REP;https://www.group.dentsu.com/en/ir/common/pdf/2022_finance.pdf;2023
18543139;DENTSU GROUP INC.;OTHER;;
18543139;DENTSU GROUP INC.;OTHER;;
18543139;DENTSU GROUP INC.;OTHER;;
18543139;DENTSU GROUP INC.;OTHER;;
18543139;DENTSU GROUP INC.;OTHER;;
18552002;THYSSENKRUPP;FIN_REP;https://d2zo35mdb530wx.cloudfront.net/_binary/UCPthyssenkruppAG/238cf00b-60ac-44c7-9830-be4cf77b2e59/Financial-statements-2022_2023-thyssenkrupp-AG.pdf;2023
18552002;THYSSENKRUPP;OTHER;;
18552002;THYSSENKRUPP;OTHER;;
18552002;THYSSENKRUPP;OTHER;;
18552002;THYSSENKRUPP;OTHER;;
18552002;THYSSENKRUPP;OTHER;;
18573648;VOESTALPINE GROUP;FIN_REP;https://www.voestalpine.com/group/static/sites/group/.downloads/en/publications-2023-24/2023-24-annual-report.pdf;2024
18573648;VOESTALPINE GROUP;OTHER;;
18573648;VOESTALPINE GROUP;OTHER;;
18573648;VOESTALPINE GROUP;OTHER;;
18573648;VOESTALPINE GROUP;OTHER;;
18573648;VOESTALPINE GROUP;OTHER;;
18573835;ORANGE;FIN_REP;https://rai.orange.com/wp-content/uploads/sites/54/2024/02/orange_integratedannualreport_2022_en.pdf;2022
18573835;ORANGE;OTHER;;
18573835;ORANGE;OTHER;;
18573835;ORANGE;OTHER;;
18573835;ORANGE;OTHER;;
18573835;ORANGE;OTHER;;
18581640;ORACLE CORP;FIN_REP;https://stocklight.com/stocks/us/nyse-orcl/oracle-corporation/annual-reports/nyse-orcl-2024-10K-241056542.pdf;2024
18581640;ORACLE CORP;OTHER;;
18581640;ORACLE CORP;OTHER;;
18581640;ORACLE CORP;OTHER;;
18581640;ORACLE CORP;OTHER;;
18581640;ORACLE CORP;OTHER;;
18587386;ACCOR;FIN_REP;https://group.accor.com/-/media/Corporate/Investors/Documents-financiers/2024/02-22-FY/FY_23_Presentation_vDef.pdf;2023
18587386;ACCOR;OTHER;;
18587386;ACCOR;OTHER;;
18587386;ACCOR;OTHER;;
18587386;ACCOR;OTHER;;
18587386;ACCOR;OTHER;;
18591402;PROCTER & GAMBLE CO;FIN_REP;https://www.annualreports.com/HostedData/AnnualReports/PDF/NYSE_PG_2023.pdf;2023
18591402;PROCTER & GAMBLE CO;OTHER;;
18591402;PROCTER & GAMBLE CO;OTHER;;
18591402;PROCTER & GAMBLE CO;OTHER;;
18591402;PROCTER & GAMBLE CO;OTHER;;
18591402;PROCTER & GAMBLE CO;OTHER;;
18599238;FCC;FIN_REP;https://www.fcc.gov/sites/default/files/FCC-Agency-Financial-Report-FY-2024-508.pdf;2024
18599238;FCC;OTHER;;
18599238;FCC;OTHER;;
18599238;FCC;OTHER;;
18599238;FCC;OTHER;;
18599238;FCC;OTHER;;
18606822;SOCIETE NATIONALE SNCF;FIN_REP;https://www.groupe-sncf.com/medias-publics/2024-03/sncf-group-annual-financial-report-2023.pdf;2023
18606822;SOCIETE NATIONALE SNCF;OTHER;;
18606822;SOCIETE NATIONALE SNCF;OTHER;;
18606822;SOCIETE NATIONALE SNCF;OTHER;;
18606822;SOCIETE NATIONALE SNCF;OTHER;;
18606822;SOCIETE NATIONALE SNCF;OTHER;;
18611599;ATLAS COPCO AKTIEBOLAG;FIN_REP;https://www.atlascopco.com/content/dam/brands/atlas-copco-group/cision/20250320_Atlas_Copco_Group_publishes_Annual_Report_for_2024.pdf.coredownload.pdf;2024
18611599;ATLAS COPCO AKTIEBOLAG;OTHER;;
18611599;ATLAS COPCO AKTIEBOLAG;OTHER;;
18611599;ATLAS COPCO AKTIEBOLAG;OTHER;;
18611599;ATLAS COPCO AKTIEBOLAG;OTHER;;
18611599;ATLAS COPCO AKTIEBOLAG;OTHER;;
18618947;AKTIEBOLAGET SKF;FIN_REP;https://investors.skf.com/sites/skf-ir/files/pr/202403039498-3.pdf;2023
18618947;AKTIEBOLAGET SKF;OTHER;;
18618947;AKTIEBOLAGET SKF;OTHER;;
18618947;AKTIEBOLAGET SKF;OTHER;;
18618947;AKTIEBOLAGET SKF;OTHER;;
18618947;AKTIEBOLAGET SKF;OTHER;;
18622186;JOHN WOOD GROUP PLC;FIN_REP;https://www.fundslibrary.co.uk/FundsLibrary.dataretrieval//Documents.aspx?type=sl.ra.full&id=a81c4c91-758d-4801-9f84-bee55811f0cb&user=hl_website_documents;2023
18622186;JOHN WOOD GROUP PLC;OTHER;;
18622186;JOHN WOOD GROUP PLC;OTHER;;
18622186;JOHN WOOD GROUP PLC;OTHER;;
18622186;JOHN WOOD GROUP PLC;OTHER;;
18622186;JOHN WOOD GROUP PLC;OTHER;;
18627417;FUJITSU LIMITED;FIN_REP;https://www.fujitsu.com/global/documents/about/ir/library/integratedrep/financialsection2023-all.pdf;2024
18627417;FUJITSU LIMITED;OTHER;;
18627417;FUJITSU LIMITED;OTHER;;
18627417;FUJITSU LIMITED;OTHER;;
18627417;FUJITSU LIMITED;OTHER;;
18627417;FUJITSU LIMITED;OTHER;;
18629376;CRH PLC;FIN_REP;https://www.crh.com/media/5582/crh-2024-annual-report.pdf;2024
18629376;CRH PLC;OTHER;;
18629376;CRH PLC;OTHER;;
18629376;CRH PLC;OTHER;;
18629376;CRH PLC;OTHER;;
18629376;CRH PLC;OTHER;;
18632343;DEUTSCHE BAHN;FIN_REP;https://www.annualreports.com/HostedData/AnnualReports/PDF/db-schenker_2023.pdf;2023
18632343;DEUTSCHE BAHN;OTHER;;
18632343;DEUTSCHE BAHN;OTHER;;
18632343;DEUTSCHE BAHN;OTHER;;
18632343;DEUTSCHE BAHN;OTHER;;
18632343;DEUTSCHE BAHN;OTHER;;
18636888;CARGILL;FIN_REP;https://www.cargill.com/doc/1432263180474/2024-annual-report.pdf;2024
18636888;CARGILL;OTHER;;
18636888;CARGILL;OTHER;;
18636888;CARGILL;OTHER;;
18636888;CARGILL;OTHER;;
18636888;CARGILL;OTHER;;
18644473;WARNER BROS. DISCOVERY INC.;FIN_REP;https://www.sec.gov/Archives/edgar/data/1437107/000130817924000524/wbd4268471-ars.pdf;2023
18644473;WARNER BROS. DISCOVERY INC.;OTHER;;
18644473;WARNER BROS. DISCOVERY INC.;OTHER;;
18644473;WARNER BROS. DISCOVERY INC.;OTHER;;
18644473;WARNER BROS. DISCOVERY INC.;OTHER;;
18644473;WARNER BROS. DISCOVERY INC.;OTHER;;
18646411;GENERAL ELECTRIC COMPANY;FIN_REP;https://www.ge.com/sites/default/files/ge_ar2023_annualreport.pdf;2023
18646411;GENERAL ELECTRIC COMPANY;OTHER;;
18646411;GENERAL ELECTRIC COMPANY;OTHER;;
18646411;GENERAL ELECTRIC COMPANY;OTHER;;
18646411;GENERAL ELECTRIC COMPANY;OTHER;;
18646411;GENERAL ELECTRIC COMPANY;OTHER;;
18648074;SAFRAN;FIN_REP;https://www.safran-group.com/sites/default/files/2024-03/2023-safran-integrated-report.pdf;2023
18648074;SAFRAN;OTHER;;
18648074;SAFRAN;OTHER;;
18648074;SAFRAN;OTHER;;
18648074;SAFRAN;OTHER;;
18648074;SAFRAN;OTHER;;
18658675;BASF;FIN_REP;https://www.basf.com/dam/jcr:3c4b8931-7f18-3418-b352-3a4e76ca072e/basf/www/global/documents/en/investor-relations/calendar-and-publications/reports/2024/BASF_At_a_Glance_2023.pdf;2023
18658675;BASF;OTHER;;
18658675;BASF;OTHER;;
18658675;BASF;OTHER;;
18658675;BASF;OTHER;;
18658675;BASF;OTHER;;
18665236;APTIV PLC;FIN_REP;https://www.sec.gov/Archives/edgar/data/1521332/000119312525050886/d849624dars.pdf;2024
18665236;APTIV PLC;OTHER;;
18665236;APTIV PLC;OTHER;;
18665236;APTIV PLC;OTHER;;
18665236;APTIV PLC;OTHER;;
18665236;APTIV PLC;OTHER;;
18673760;WPP PLC;FIN_REP;https://www.wpp.com/-/media/project/wpp/files/investors/2024/annual-report-docs/wpp-annual-report-2023-financial-statements.pdf;2023
18673760;WPP PLC;OTHER;;
18673760;WPP PLC;OTHER;;
18673760;WPP PLC;OTHER;;
18673760;WPP PLC;OTHER;;
18673760;WPP PLC;OTHER;;
18685228;GI GROUP;FIN_REP;https://www.gigroup.it/wp-content/uploads/2024/08/2023_GI-GROUP-BILANCIO.pdf;2023
18685228;GI GROUP;OTHER;;
18685228;GI GROUP;OTHER;;
18685228;GI GROUP;OTHER;;
18685228;GI GROUP;OTHER;;
18685228;GI GROUP;OTHER;;
18686668;ACCIONA;FIN_REP;https://www.acciona.com/content/dam/acciona-global/documentos/informes/results-report-31December2024.pdf;2024
18686668;ACCIONA;OTHER;;
18686668;ACCIONA;OTHER;;
18686668;ACCIONA;OTHER;;
18686668;ACCIONA;OTHER;;
18686668;ACCIONA;OTHER;;
18691645;FLETCHER GROUP;FIN_REP;https://fletcherbuilding.com/assets/4-investor-centre/annual-reports/2024-annual-report.pdf;2024
18691645;FLETCHER GROUP;OTHER;;
18691645;FLETCHER GROUP;OTHER;;
18691645;FLETCHER GROUP;OTHER;;
18691645;FLETCHER GROUP;OTHER;;
18691645;FLETCHER GROUP;OTHER;;
18694033;SODEXO;FIN_REP;https://sodexo.publispeak.com/universal-registration-document-fiscal-2023/documents/1903/pdf/download/SOD2023-URD-EN-Mix-01.pdf;2023
18694033;SODEXO;OTHER;;
18694033;SODEXO;OTHER;;
18694033;SODEXO;OTHER;;
18694033;SODEXO;OTHER;;
18694033;SODEXO;OTHER;;
18700025;ADVANCE PROPERTIES;FIN_REP;https://www.cloudcapsule.cc/360client/advancecon/data/ir/30April2024-Annual_Report_2023.pdf;2023
18700025;ADVANCE PROPERTIES;OTHER;;
18700025;ADVANCE PROPERTIES;OTHER;;
18700025;ADVANCE PROPERTIES;OTHER;;
18700025;ADVANCE PROPERTIES;OTHER;;
18700025;ADVANCE PROPERTIES;OTHER;;
18705450;AKZO NOBEL NV;FIN_REP;https://www.akzonobel.com/content/dam/akzonobel-corporate/global/en/investor-relations-images/result-center/reports---presentation/2024-reports-and-presentations/q4-2024/report-q4-fy-2024-akzonobel.pdf;2024
18705450;AKZO NOBEL NV;OTHER;;
18705450;AKZO NOBEL NV;OTHER;;
18705450;AKZO NOBEL NV;OTHER;;
18705450;AKZO NOBEL NV;OTHER;;
18705450;AKZO NOBEL NV;OTHER;;
18709351;DIOR;FIN_REP;https://www.dior-finance.com/pdf/d/2/910/Christian+Dior+Annual+Report+as+of+December+31,+2023.pdf;2023
18709351;DIOR;OTHER;;
18709351;DIOR;OTHER;;
18709351;DIOR;OTHER;;
18709351;DIOR;OTHER;;
18709351;DIOR;OTHER;;
18712196;AMAZON;FIN_REP;https://archive.org/download/01-amazon.com-amzn-proxy-statement-2024-05-22/02+Amazon.com+(AMZN)+Annual+Report,+2023.pdf;2023
18712196;AMAZON;OTHER;;
18712196;AMAZON;OTHER;;
18712196;AMAZON;OTHER;;
18712196;AMAZON;OTHER;;
18712196;AMAZON;OTHER;;
18715555;SONY GROUP CORPORATION;FIN_REP;https://dq06ugkuram52.cloudfront.net/files/18288892/47281100.pdf;2023
18715555;SONY GROUP CORPORATION;OTHER;;
18715555;SONY GROUP CORPORATION;OTHER;;
18715555;SONY GROUP CORPORATION;OTHER;;
18715555;SONY GROUP CORPORATION;OTHER;;
18715555;SONY GROUP CORPORATION;OTHER;;
18718848;SONOVA;FIN_REP;https://www.sonova.com/sites/default/files/2024-05/01_Sonova_AR_23-24_Full_Report_en.pdf;2023
18718848;SONOVA;OTHER;;
18718848;SONOVA;OTHER;;
18718848;SONOVA;OTHER;;
18718848;SONOVA;OTHER;;
18718848;SONOVA;OTHER;;
18731292;IKEA;FIN_REP;https://www.inter.ikea.com/-/media/interikea/igi/financial-reports/fy24-financial-reports/inter-ikea-holding-bv-annual-report-fy24.pdf?rev=2212fa15a98048f7b08b0c6a6be79421&sc_lang=en;2024
18731292;IKEA;OTHER;;
18731292;IKEA;OTHER;;
18731292;IKEA;OTHER;;
18731292;IKEA;OTHER;;
18731292;IKEA;OTHER;;
18736044;SECURITAS AB;FIN_REP;https://www.securitas.com/globalassets/com/files/annual-reports/eng/securitas_ar2023_eng.pdf;2023
18736044;SECURITAS AB;OTHER;;
18736044;SECURITAS AB;OTHER;;
18736044;SECURITAS AB;OTHER;;
18736044;SECURITAS AB;OTHER;;
18736044;SECURITAS AB;OTHER;;
18742207;AIRBUS SE;FIN_REP;https://www.airbus.com/sites/g/files/jlcbta136/files/2025-02/airbus_financial_statements_fy_2024.pdf;2024
18742207;AIRBUS SE;OTHER;;
18742207;AIRBUS SE;OTHER;;
18742207;AIRBUS SE;OTHER;;
18742207;AIRBUS SE;OTHER;;
18742207;AIRBUS SE;OTHER;;
18745703;ETEX;FIN_REP;https://www.etexgroup.com/siteassets/etex-group-website-2024/investors/annual-report-2024/etex-2024-annual-report.pdf?v=496e95;2024
18745703;ETEX;OTHER;;
18745703;ETEX;OTHER;;
18745703;ETEX;OTHER;;
18745703;ETEX;OTHER;;
18745703;ETEX;OTHER;;
18748693;SIEMENS;FIN_REP;https://assets.new.siemens.com/siemens/assets/api/uuid:ae46683e-14dd-4455-a882-09d4184457c7/Annual-Financial-Report-FY2024.pdf;2024
18748693;SIEMENS;OTHER;;
18748693;SIEMENS;OTHER;;
18748693;SIEMENS;OTHER;;
18748693;SIEMENS;OTHER;;
18748693;SIEMENS;OTHER;;
18754669;VODAFONE GROUP PLC;FIN_REP;https://www.vodafone.com/sites/default/files/2022-05/vodafone-fy22-preliminary-results.pdf;2022
18754669;VODAFONE GROUP PLC;OTHER;;
18754669;VODAFONE GROUP PLC;OTHER;;
18754669;VODAFONE GROUP PLC;OTHER;;
18754669;VODAFONE GROUP PLC;OTHER;;
18754669;VODAFONE GROUP PLC;OTHER;;
18755204;HBIS GROUP CO. LTD.;FIN_REP;https://www1.hkexnews.hk/listedco/listconews/sehk/2024/0426/2024042603575.pdf;2023
18755204;HBIS GROUP CO. LTD.;OTHER;;
18755204;HBIS GROUP CO. LTD.;OTHER;;
18755204;HBIS GROUP CO. LTD.;OTHER;;
18755204;HBIS GROUP CO. LTD.;OTHER;;
18755204;HBIS GROUP CO. LTD.;OTHER;;
18761094;MOL HUNGARIAN OIL AND GAS;FIN_REP;https://bse.hu/newkibdata/129053639/MOL_annual+reports_20240425_eng.pdf;2023
18761094;MOL HUNGARIAN OIL AND GAS;OTHER;;
18761094;MOL HUNGARIAN OIL AND GAS;OTHER;;
18761094;MOL HUNGARIAN OIL AND GAS;OTHER;;
18761094;MOL HUNGARIAN OIL AND GAS;OTHER;;
18761094;MOL HUNGARIAN OIL AND GAS;OTHER;;
18763081;DSV A/S;FIN_REP;https://investor.dsv.com/static-files/c35cf00e-26f1-433e-84d6-753b5ea71bbf;2023
18763081;DSV A/S;OTHER;;
18763081;DSV A/S;OTHER;;
18763081;DSV A/S;OTHER;;
18763081;DSV A/S;OTHER;;
18763081;DSV A/S;OTHER;;
18767600;KRONES;FIN_REP;https://irpages2.eqs.com/Download/Companies/krones/Annual+Reports/DE0006335003-JA-2023-EQ-E-00.pdf;2023
18767600;KRONES;OTHER;;
18767600;KRONES;OTHER;;
18767600;KRONES;OTHER;;
18767600;KRONES;OTHER;;
18767600;KRONES;OTHER;;
18773773;KONECRANES;FIN_REP;https://www.konecranes.com/sites/default/files/Konecranes_annual_review_2024.pdf;2024
18773773;KONECRANES;OTHER;;
18773773;KONECRANES;OTHER;;
18773773;KONECRANES;OTHER;;
18773773;KONECRANES;OTHER;;
18773773;KONECRANES;OTHER;;
18774479;SANDVIK AKTIEBOLAG;FIN_REP;https://www.annualreport.sandvik/en/2024/_assets/downloads/entire-en-svk-ar24.pdf?h=EicP8c_e;2024
18774479;SANDVIK AKTIEBOLAG;OTHER;;
18774479;SANDVIK AKTIEBOLAG;OTHER;;
18774479;SANDVIK AKTIEBOLAG;OTHER;;
18774479;SANDVIK AKTIEBOLAG;OTHER;;
18774479;SANDVIK AKTIEBOLAG;OTHER;;
18774712;SKANSKA AB;FIN_REP;https://group.skanska.com/49340a/siteassets/corporate-governance/skanska-corporate-governance-report-2023.pdf;2023
18774712;SKANSKA AB;OTHER;;
18774712;SKANSKA AB;OTHER;;
18774712;SKANSKA AB;OTHER;;
18774712;SKANSKA AB;OTHER;;
18774712;SKANSKA AB;OTHER;;
18774867;SANOFI;FIN_REP;https://www.sanofi.com/assets/dotcom/content-app/publications/integrated-report/SANOFI-Integrated-Annual-Report-2022-EN.pdf;2022
18774867;SANOFI;OTHER;;
18774867;SANOFI;OTHER;;
18774867;SANOFI;OTHER;;
18774867;SANOFI;OTHER;;
18774867;SANOFI;OTHER;;
18778752;WURTH;FIN_REP;https://www.wuerth.com/downloads/pdf/Geschäftsbericht/2023/Annual-Report-Würth-Group-2023-en.pdf;2023
18778752;WURTH;OTHER;;
18778752;WURTH;OTHER;;
18778752;WURTH;OTHER;;
18778752;WURTH;OTHER;;
18778752;WURTH;OTHER;;
18784770;AKTIEBOLAGET VOLVO;FIN_REP;https://www.volvogroup.com/content/dam/volvo-group/markets/master/news/2022/feb/4195846-220225-ab-volvo-annual-and-sustainability-report-2021-en.pdf;2021
18784770;AKTIEBOLAGET VOLVO;OTHER;;
18784770;AKTIEBOLAGET VOLVO;OTHER;;
18784770;AKTIEBOLAGET VOLVO;OTHER;;
18784770;AKTIEBOLAGET VOLVO;OTHER;;
18784770;AKTIEBOLAGET VOLVO;OTHER;;
18796310;TOTALENERGIES SE;FIN_REP;https://totalenergies.com/sites/g/files/nytnzq121/files/documents/2024-07/TotalEnergies_rapport_financier_semestriel_2024_en_pdf.pdf;2023
18796310;TOTALENERGIES SE;OTHER;;
18796310;TOTALENERGIES SE;OTHER;;
18796310;TOTALENERGIES SE;OTHER;;
18796310;TOTALENERGIES SE;OTHER;;
18796310;TOTALENERGIES SE;OTHER;;
18802249;BRITISH AMERICAN TOBACCO PLC;FIN_REP;https://www.bat.com/content/dam/batcom/global/main-nav/investors-and-reporting/reporting/combined-annual-and-esg-report/previous-annual-reporting/uk-company-reporting/2023/BATIF_Dollar_Limited_-_Annual_Report_2023.pdf;2023
18802249;BRITISH AMERICAN TOBACCO PLC;OTHER;;
18802249;BRITISH AMERICAN TOBACCO PLC;OTHER;;
18802249;BRITISH AMERICAN TOBACCO PLC;OTHER;;
18802249;BRITISH AMERICAN TOBACCO PLC;OTHER;;
18802249;BRITISH AMERICAN TOBACCO PLC;OTHER;;
18803013;NIPPON STEEL CORPORATION;FIN_REP;https://www.nipponsteel.com/en/ir/library/financialreport_2023.pdf;2024
18803013;NIPPON STEEL CORPORATION;OTHER;;
18803013;NIPPON STEEL CORPORATION;OTHER;;
18803013;NIPPON STEEL CORPORATION;OTHER;;
18803013;NIPPON STEEL CORPORATION;OTHER;;
18803013;NIPPON STEEL CORPORATION;OTHER;;
18805524;KONINKLIJKE AHOLD DELHAIZE NV;FIN_REP;https://www.aholddelhaize.com/media/bhwdqsls/annual-report-2024-ahold-delhaize-financial-statements.pdf;2024
18805524;KONINKLIJKE AHOLD DELHAIZE NV;OTHER;;
18805524;KONINKLIJKE AHOLD DELHAIZE NV;OTHER;;
18805524;KONINKLIJKE AHOLD DELHAIZE NV;OTHER;;
18805524;KONINKLIJKE AHOLD DELHAIZE NV;OTHER;;
18805524;KONINKLIJKE AHOLD DELHAIZE NV;OTHER;;
18808977;PFIZER INC;FIN_REP;https://www.pfizer.com/sites/default/files/investors/financial_reports/annual_reports/2023/pdf/Pfizer_Performance_2023_V6.pdf;2023
18808977;PFIZER INC;OTHER;;
18808977;PFIZER INC;OTHER;;
18808977;PFIZER INC;OTHER;;
18808977;PFIZER INC;OTHER;;
18808977;PFIZER INC;OTHER;;
18812865;COCA-COLA COMPANY (THE);FIN_REP;https://investors.coca-colacompany.com/filings-reports/all-sec-filings/content/0000021344-24-000009/0000021344-24-000009.pdf;2023
18812865;COCA-COLA COMPANY (THE);OTHER;;
18812865;COCA-COLA COMPANY (THE);OTHER;;
18812865;COCA-COLA COMPANY (THE);OTHER;;
18812865;COCA-COLA COMPANY (THE);OTHER;;
18812865;COCA-COLA COMPANY (THE);OTHER;;
18813820;CATERPILLAR INC;FIN_REP;https://s7d2.scene7.com/is/content/Caterpillar/CM20240506-916bd-768d9;2023
18813820;CATERPILLAR INC;OTHER;;
18813820;CATERPILLAR INC;OTHER;;
18813820;CATERPILLAR INC;OTHER;;
18813820;CATERPILLAR INC;OTHER;;
18813820;CATERPILLAR INC;OTHER;;
18818179;HARTMANN;FIN_REP;https://www.hartmann-packaging.com/media/ymrnajnt/hartmann-sustainability-report-2024.pdf;2024
18818179;HARTMANN;OTHER;;
18818179;HARTMANN;OTHER;;
18818179;HARTMANN;OTHER;;
18818179;HARTMANN;OTHER;;
18818179;HARTMANN;OTHER;;
18818842;IWG PLC;FIN_REP;https://investors.iwgplc.com/~/media/Files/I/IWG-IR/reports-and-presentations/2024/iwg-2024-hy-announcement.pdf;2022
18818842;IWG PLC;OTHER;;
18818842;IWG PLC;OTHER;;
18818842;IWG PLC;OTHER;;
18818842;IWG PLC;OTHER;;
18818842;IWG PLC;OTHER;;
18831586;SAP;FIN_REP;https://ncses.nsf.gov/1059/assets/0/files/sap-annual-report-2024.pdf;2024
18831586;SAP;OTHER;;
18831586;SAP;OTHER;;
18831586;SAP;OTHER;;
18831586;SAP;OTHER;;
18831586;SAP;OTHER;;
18839233;ORKLA ASA;FIN_REP;https://www.orkla.com/wp-content/uploads/sites/2/2022/03/886256.pdf;2023
18839233;ORKLA ASA;OTHER;;
18839233;ORKLA ASA;OTHER;;
18839233;ORKLA ASA;OTHER;;
18839233;ORKLA ASA;OTHER;;
18839233;ORKLA ASA;OTHER;;
18850720;ENEL SPA;FIN_REP;https://www.enel.com/content/dam/enel-com/documenti/investitori/informazioni-finanziarie/2023/annuali/en/enel-spa-financial-statements_2023.pdf;2023
18850720;ENEL SPA;OTHER;;
18850720;ENEL SPA;OTHER;;
18850720;ENEL SPA;OTHER;;
18850720;ENEL SPA;OTHER;;
18850720;ENEL SPA;OTHER;;
18853782;SHV HOLDINGS NV;FIN_REP;https://selectharvests.com.au/documents/SHV_Annual_Report_2024_19_Dec_2024_ASX.pdf;2024
18853782;SHV HOLDINGS NV;OTHER;;
18853782;SHV HOLDINGS NV;OTHER;;
18853782;SHV HOLDINGS NV;OTHER;;
18853782;SHV HOLDINGS NV;OTHER;;
18853782;SHV HOLDINGS NV;OTHER;;
18854880;BMW;FIN_REP;https://www.bmwgroup.com/en/report/2022/downloads/BMW-AG-Financial-Statements-2022-en.pdf;2022
18854880;BMW;OTHER;;
18854880;BMW;OTHER;;
18854880;BMW;OTHER;;
18854880;BMW;OTHER;;
18854880;BMW;OTHER;;
18858533;THALES;FIN_REP;https://www2.thalesgroup.com/2024/rapport-integre/files/thales-integrated-report-2023-en.pdf;2023
18858533;THALES;OTHER;;
18858533;THALES;OTHER;;
18858533;THALES;OTHER;;
18858533;THALES;OTHER;;
18858533;THALES;OTHER;;
18860034;SIGNIFY NV;FIN_REP;https://www.assets.signify.com/is/content/Signify/Assets/signify/global/news/2025/20250225-signify-publishes-annual-report-2024.pdf;2024
18860034;SIGNIFY NV;OTHER;;
18860034;SIGNIFY NV;OTHER;;
18860034;SIGNIFY NV;OTHER;;
18860034;SIGNIFY NV;OTHER;;
18860034;SIGNIFY NV;OTHER;;
18864084;3I GROUP PLC;FIN_REP;https://www.3i.com/media/nnrkjwke/annual_report_and_accounts_2024.pdf;2024
18864084;3I GROUP PLC;OTHER;;
18864084;3I GROUP PLC;OTHER;;
18864084;3I GROUP PLC;OTHER;;
18864084;3I GROUP PLC;OTHER;;
18864084;3I GROUP PLC;OTHER;;
18876900;BAYER;FIN_REP;https://datacvr.virk.dk/gateway/dokument/downloadDokumentForVirksomhed?dokumentId=amNsb3VkczovLzAzLzVhLzY0LzE2LzE5L2VmMDUtNDA1Yy05ZWMwLWJkZjdiYTRmM2RmOA&cvrNummer=16089818;2023
18876900;BAYER;OTHER;;
18876900;BAYER;OTHER;;
18876900;BAYER;OTHER;;
18876900;BAYER;OTHER;;
18876900;BAYER;OTHER;;
18877286;AKTIEBOLAGET ELECTROLUX;FIN_REP;https://www.electroluxgroup.com/wp-content/uploads/sites/2/2023/02/electrolux-ab-electrolux-publishes-2022-annual-report-230223.pdf;2022
18877286;AKTIEBOLAGET ELECTROLUX;OTHER;;
18877286;AKTIEBOLAGET ELECTROLUX;OTHER;;
18877286;AKTIEBOLAGET ELECTROLUX;OTHER;;
18877286;AKTIEBOLAGET ELECTROLUX;OTHER;;
18877286;AKTIEBOLAGET ELECTROLUX;OTHER;;
18886469;VEOLIA ENVIRONNEMENT;FIN_REP;https://www.veolia.com/sites/g/files/dvc4206/files/document/2024/02/veolia-2023-annual-results-02292024.pdf;2023
18886469;VEOLIA ENVIRONNEMENT;OTHER;;
18886469;VEOLIA ENVIRONNEMENT;OTHER;;
18886469;VEOLIA ENVIRONNEMENT;OTHER;;
18886469;VEOLIA ENVIRONNEMENT;OTHER;;
18886469;VEOLIA ENVIRONNEMENT;OTHER;;
18898974;TUI;FIN_REP;https://www.annualreports.com/HostedData/AnnualReportArchive/t/LSE_TUI_2022.pdf;2022
18898974;TUI;OTHER;;
18898974;TUI;OTHER;;
18898974;TUI;OTHER;;
18898974;TUI;OTHER;;
18898974;TUI;OTHER;;
18901386;ASSA ABLOY AB;FIN_REP;https://www.assaabloy.com/group/en/documents/investors/annual-reports/2019/Annual+report+2019.pdf;2019
18901386;ASSA ABLOY AB;OTHER;;
18901386;ASSA ABLOY AB;OTHER;;
18901386;ASSA ABLOY AB;OTHER;;
18901386;ASSA ABLOY AB;OTHER;;
18901386;ASSA ABLOY AB;OTHER;;
18908258;RANDSTAD NV;FIN_REP;https://www.randstad.com/s3fs-media/rscom/public/2024-02/2023_annual_report.pdf;2023
18908258;RANDSTAD NV;OTHER;;
18908258;RANDSTAD NV;OTHER;;
18908258;RANDSTAD NV;OTHER;;
18908258;RANDSTAD NV;OTHER;;
18908258;RANDSTAD NV;OTHER;;
18918108;NV BEKAERT SA;FIN_REP;https://www.bekaert.com/content/dam/corporate/en/annual-report/2023/pdf-files/IAR2023_About+this+report.pdf;2023
18918108;NV BEKAERT SA;OTHER;;
18918108;NV BEKAERT SA;OTHER;;
18918108;NV BEKAERT SA;OTHER;;
18918108;NV BEKAERT SA;OTHER;;
18918108;NV BEKAERT SA;OTHER;;
18919705;MANPOWERGROUP INC.;FIN_REP;https://investor.manpowergroup.com/static-files/110802fb-fa00-45e2-ac13-5353bf9f5656;2023
18919705;MANPOWERGROUP INC.;OTHER;;
18919705;MANPOWERGROUP INC.;OTHER;;
18919705;MANPOWERGROUP INC.;OTHER;;
18919705;MANPOWERGROUP INC.;OTHER;;
18919705;MANPOWERGROUP INC.;OTHER;;
18928008;PARAMOUNT GLOBAL;FIN_REP;https://www.sec.gov/Archives/edgar/data/1605607/000110465924043639/tm244039d2_ars.pdf;2023
18928008;PARAMOUNT GLOBAL;OTHER;;
18928008;PARAMOUNT GLOBAL;OTHER;;
18928008;PARAMOUNT GLOBAL;OTHER;;
18928008;PARAMOUNT GLOBAL;OTHER;;
18928008;PARAMOUNT GLOBAL;OTHER;;
18930611;GLENCORE PLC;FIN_REP;https://www.glencore.com/.rest/api/v1/documents/static/d09d8212-4a9f-4034-b2d4-49152e5a0aff/GLEN-2023-Annual-Report.pdf;2023
18930611;GLENCORE PLC;OTHER;;
18930611;GLENCORE PLC;OTHER;;
18930611;GLENCORE PLC;OTHER;;
18930611;GLENCORE PLC;OTHER;;
18930611;GLENCORE PLC;OTHER;;
18931004;DEUTSCHE LUFTHANSA;FIN_REP;https://investor-relations.lufthansagroup.com/fileadmin/downloads/en/financial-reports/annual-reports/LH-AR-2024-e.pdf;2024
18931004;DEUTSCHE LUFTHANSA;OTHER;;
18931004;DEUTSCHE LUFTHANSA;OTHER;;
18931004;DEUTSCHE LUFTHANSA;OTHER;;
18931004;DEUTSCHE LUFTHANSA;OTHER;;
18931004;DEUTSCHE LUFTHANSA;OTHER;;
18935271;TELEFONAKTIEBOLAGET LM ERICSSON;FIN_REP;https://www.annualreports.com/HostedData/AnnualReportArchive/e/NASDAQ_ERIC_2022.pdf;2022
18935271;TELEFONAKTIEBOLAGET LM ERICSSON;OTHER;;
18935271;TELEFONAKTIEBOLAGET LM ERICSSON;OTHER;;
18935271;TELEFONAKTIEBOLAGET LM ERICSSON;OTHER;;
18935271;TELEFONAKTIEBOLAGET LM ERICSSON;OTHER;;
18935271;TELEFONAKTIEBOLAGET LM ERICSSON;OTHER;;
18940840;ABB LTD;FIN_REP;https://search.abb.com/library/Download.aspx?DocumentID=9AKK108469A1416;2023
18940840;ABB LTD;OTHER;;
18940840;ABB LTD;OTHER;;
18940840;ABB LTD;OTHER;;
18940840;ABB LTD;OTHER;;
18940840;ABB LTD;OTHER;;
18942704;HP INC.;FIN_REP;https://stocklight.com/stocks/us/nyse-hpq/hp/annual-reports/nyse-hpq-2024-10K-241546496.pdf;2024
18942704;HP INC.;OTHER;;
18942704;HP INC.;OTHER;;
18942704;HP INC.;OTHER;;
18942704;HP INC.;OTHER;;
18942704;HP INC.;OTHER;;
18947387;CAPGEMINI;FIN_REP;https://www.capgemini.com/wp-content/uploads/2025/02/Capgemini_-_2025-02-18_-_2024_Annual_Results.pdf;2024
18947387;CAPGEMINI;OTHER;;
18947387;CAPGEMINI;OTHER;;
18947387;CAPGEMINI;OTHER;;
18947387;CAPGEMINI;OTHER;;
18947387;CAPGEMINI;OTHER;;
18953431;MERCK GROUP;FIN_REP;https://www.merckgroup.com/investors/reports-and-financials/earnings-materials/2023-q4/en/2023-Single-Entity-Report-EN.pdf;2023
18953431;MERCK GROUP;OTHER;;
18953431;MERCK GROUP;OTHER;;
18953431;MERCK GROUP;OTHER;;
18953431;MERCK GROUP;OTHER;;
18953431;MERCK GROUP;OTHER;;
18953450;BPOST;FIN_REP;https://bpostgroup.com/sites/default/files/2025-03/24099_BPOST_jaarverslag_2024_ENG.pdf;2024
18953450;BPOST;OTHER;;
18953450;BPOST;OTHER;;
18953450;BPOST;OTHER;;
18953450;BPOST;OTHER;;
18953450;BPOST;OTHER;;
18957222;SYNLAB;FIN_REP;https://www.synlab.ag/fileadmin/Q4_23/240325_SYNLAB_Annual_Report_2023_Press_Release.pdf;2023
18957222;SYNLAB;OTHER;;
18957222;SYNLAB;OTHER;;
18957222;SYNLAB;OTHER;;
18957222;SYNLAB;OTHER;;
18957222;SYNLAB;OTHER;;
18959709;L AIR LIQUIDE;FIN_REP;https://www.airliquide.com/sites/airliquide.com/files/2024-03/2023-annual-report.pdf;2023
18959709;L AIR LIQUIDE;OTHER;;
18959709;L AIR LIQUIDE;OTHER;;
18959709;L AIR LIQUIDE;OTHER;;
18959709;L AIR LIQUIDE;OTHER;;
18959709;L AIR LIQUIDE;OTHER;;
18959832;MOEVE;FIN_REP;https://www.movelogistics.com/assets/final---move-annual-report-2024-dps.pdf;2024
18959832;MOEVE;OTHER;;
18959832;MOEVE;OTHER;;
18959832;MOEVE;OTHER;;
18959832;MOEVE;OTHER;;
18959832;MOEVE;OTHER;;
18967691;GOODYEAR TIRE & RUBBER CO;FIN_REP;https://corporate.goodyear.com/content/dam/goodyear-corp/documents/annualreports/2023+annual+report.pdf;2023
18967691;GOODYEAR TIRE & RUBBER CO;OTHER;;
18967691;GOODYEAR TIRE & RUBBER CO;OTHER;;
18967691;GOODYEAR TIRE & RUBBER CO;OTHER;;
18967691;GOODYEAR TIRE & RUBBER CO;OTHER;;
18967691;GOODYEAR TIRE & RUBBER CO;OTHER;;
18970979;BROOKFIELD CORPORATION;FIN_REP;https://www.brookfield.com/sites/default/files/2025-03/2024_BN_Annual_Report_2.pdf;2024
18970979;BROOKFIELD CORPORATION;OTHER;;
18970979;BROOKFIELD CORPORATION;OTHER;;
18970979;BROOKFIELD CORPORATION;OTHER;;
18970979;BROOKFIELD CORPORATION;OTHER;;
18970979;BROOKFIELD CORPORATION;OTHER;;
18974095;UMICORE;FIN_REP;https://www.umicore.com/storage/events/statutory-annual-report-2024-en.pdf;2024
18974095;UMICORE;OTHER;;
18974095;UMICORE;OTHER;;
18974095;UMICORE;OTHER;;
18974095;UMICORE;OTHER;;
18974095;UMICORE;OTHER;;
18976475;KONE;FIN_REP;https://www.kone.com/en/Images/KONE_Annual+Review_2024_tcm17-134328.pdf;2024
18976475;KONE;OTHER;;
18976475;KONE;OTHER;;
18976475;KONE;OTHER;;
18976475;KONE;OTHER;;
18976475;KONE;OTHER;;
18980415;MICROSOFT CORPORATION;FIN_REP;https://microsoft.gcs-web.com/static-files/e2931fdb-9823-4130-b2a8-f6b8db0b15a9;2023
18980415;MICROSOFT CORPORATION;OTHER;;
18980415;MICROSOFT CORPORATION;OTHER;;
18980415;MICROSOFT CORPORATION;OTHER;;
18980415;MICROSOFT CORPORATION;OTHER;;
18980415;MICROSOFT CORPORATION;OTHER;;
18981199;GSK PLC;FIN_REP;https://www.gsk.com/media/11854/financial-statements-2024.pdf;2024
18981199;GSK PLC;OTHER;;
18981199;GSK PLC;OTHER;;
18981199;GSK PLC;OTHER;;
18981199;GSK PLC;OTHER;;
18981199;GSK PLC;OTHER;;
18984365;NOKIA;FIN_REP;https://www.nokia.com/system/files/2025-01/nokia_results_2024_q4.pdf;2024
18984365;NOKIA;OTHER;;
18984365;NOKIA;OTHER;;
18984365;NOKIA;OTHER;;
18984365;NOKIA;OTHER;;
18984365;NOKIA;OTHER;;
18984744;MONDELEZ INTERNATIONAL INC.;FIN_REP;https://app.stocklight.com/stocks/us/manufacturing/nasdaq-mdlz/mondelez-international/annual-reports/nasdaq-mdlz-2022-10K-22592407.pdf;2023
18984744;MONDELEZ INTERNATIONAL INC.;OTHER;;
18984744;MONDELEZ INTERNATIONAL INC.;OTHER;;
18984744;MONDELEZ INTERNATIONAL INC.;OTHER;;
18984744;MONDELEZ INTERNATIONAL INC.;OTHER;;
18984744;MONDELEZ INTERNATIONAL INC.;OTHER;;
18986164;TELEFONICA;FIN_REP;https://www.telefonica.com/en/wp-content/uploads/sites/5/2025/02/Individual-Annual-Accounts-2024.pdf;2024
18986164;TELEFONICA;OTHER;;
18986164;TELEFONICA;OTHER;;
18986164;TELEFONICA;OTHER;;
18986164;TELEFONICA;OTHER;;
18986164;TELEFONICA;OTHER;;
18987927;ENI S P A;FIN_REP;https://www.eni.com/content/dam/enicom/documents/press-release/migrated/2025-en/03/pr-annual-report-2024.pdf;2024
18987927;ENI S P A;OTHER;;
18987927;ENI S P A;OTHER;;
18987927;ENI S P A;OTHER;;
18987927;ENI S P A;OTHER;;
18987927;ENI S P A;OTHER;;
18988574;ARCELORMITTAL;FIN_REP;https://corporate.arcelormittal.com/media/if0baqyg/annual-report-2024.pdf;2024
18988574;ARCELORMITTAL;OTHER;;
18988574;ARCELORMITTAL;OTHER;;
18988574;ARCELORMITTAL;OTHER;;
18988574;ARCELORMITTAL;OTHER;;
18988574;ARCELORMITTAL;OTHER;;
18990015;HEIDELBERGCEMENT;FIN_REP;https://www.heidelbergmaterials.com/sites/default/files/2022-04/HC_GB_2021_EN.pdf;2021
18990015;HEIDELBERGCEMENT;OTHER;;
18990015;HEIDELBERGCEMENT;OTHER;;
18990015;HEIDELBERGCEMENT;OTHER;;
18990015;HEIDELBERGCEMENT;OTHER;;
18990015;HEIDELBERGCEMENT;OTHER;;
18990928;INTERNATIONAL BUSINESS MACHINES CORP(IBM);FIN_REP;https://www.ibm.com/annualreport/assets/downloads/IBM_Annual_Report_2021.pdf;2023
18990928;INTERNATIONAL BUSINESS MACHINES CORP(IBM);OTHER;;
18990928;INTERNATIONAL BUSINESS MACHINES CORP(IBM);OTHER;;
18990928;INTERNATIONAL BUSINESS MACHINES CORP(IBM);OTHER;;
18990928;INTERNATIONAL BUSINESS MACHINES CORP(IBM);OTHER;;
18990928;INTERNATIONAL BUSINESS MACHINES CORP(IBM);OTHER;;
18997891;MEDTRONIC PLC;FIN_REP;https://filecache.investorroom.com/mr5ir_medtronic/769/MDT+(Medtronic+plc.)++(10-K)+2024-06-20.pdf_.pdf;2024
18997891;MEDTRONIC PLC;OTHER;;
18997891;MEDTRONIC PLC;OTHER;;
18997891;MEDTRONIC PLC;OTHER;;
18997891;MEDTRONIC PLC;OTHER;;
18997891;MEDTRONIC PLC;OTHER;;
19004631;NESTLE S.A.;FIN_REP;https://www.nestle.com/sites/default/files/2025-02/nestle-capital-corporation-annual-financial-report-2024.pdf;2024
19004631;NESTLE S.A.;OTHER;;
19004631;NESTLE S.A.;OTHER;;
19004631;NESTLE S.A.;OTHER;;
19004631;NESTLE S.A.;OTHER;;
19004631;NESTLE S.A.;OTHER;;
19011564;SODIM;FIN_REP;https://assets.contentstack.io/v3/assets/blt34d59f5b52e53f95/blteacace18e3706267/6658acbc28642ab02a437317/reporte-anual-sodimac-2023-english.pdf;2023
19011564;SODIM;OTHER;;
19011564;SODIM;OTHER;;
19011564;SODIM;OTHER;;
19011564;SODIM;OTHER;;
19011564;SODIM;OTHER;;
19013259;META PLATFORMS INC.;FIN_REP;https://stocklight.com/stocks/us/nasdaq-meta/meta-platforms/annual-reports/nasdaq-meta-2025-10K-25570747.pdf;2023
19013259;META PLATFORMS INC.;OTHER;;
19013259;META PLATFORMS INC.;OTHER;;
19013259;META PLATFORMS INC.;OTHER;;
19013259;META PLATFORMS INC.;OTHER;;
19013259;META PLATFORMS INC.;OTHER;;
19017221;NOVOMATIC GROUP;FIN_REP;https://www.novomatic.com/sites/default/files/2023-04/NOVOMATIC+AG_Annual+Financial+Report_2022.pdf;2022
19017221;NOVOMATIC GROUP;OTHER;;
19017221;NOVOMATIC GROUP;OTHER;;
19017221;NOVOMATIC GROUP;OTHER;;
19017221;NOVOMATIC GROUP;OTHER;;
19017221;NOVOMATIC GROUP;OTHER;;
19019578;HUSQVARNA AB;FIN_REP;https://www.husqvarnagroup.com/sites/husqvarna/files/2025-04/Corporate_Governance_Report_2024.pdf;2024
19019578;HUSQVARNA AB;OTHER;;
19019578;HUSQVARNA AB;OTHER;;
19019578;HUSQVARNA AB;OTHER;;
19019578;HUSQVARNA AB;OTHER;;
19019578;HUSQVARNA AB;OTHER;;
19031780;WALT DISNEY COMPANY (THE);FIN_REP;https://thewaltdisneycompany.com/app/uploads/2025/01/2024-Annual-Report.pdf;2024
19031780;WALT DISNEY COMPANY (THE);OTHER;;
19031780;WALT DISNEY COMPANY (THE);OTHER;;
19031780;WALT DISNEY COMPANY (THE);OTHER;;
19031780;WALT DISNEY COMPANY (THE);OTHER;;
19031780;WALT DISNEY COMPANY (THE);OTHER;;
19032544;RETHMANN;FIN_REP;https://www.pappers.fr/entreprise/rethmann-france-844743674/comptes/RETHMANN+FRANCE+-+Comptes+sociaux+2023+23-09-2024.pdf;2023
19032544;RETHMANN;OTHER;;
19032544;RETHMANN;OTHER;;
19032544;RETHMANN;OTHER;;
19032544;RETHMANN;OTHER;;
19032544;RETHMANN;OTHER;;
19032847;MITSUI & CO LTD;FIN_REP;https://www.mitsui.com/us/en/company/financial/__icsFiles/afieldfile/2024/06/24/MUSA-Annual-Report-3.31.2024.pdf;2024
19032847;MITSUI & CO LTD;OTHER;;
19032847;MITSUI & CO LTD;OTHER;;
19032847;MITSUI & CO LTD;OTHER;;
19032847;MITSUI & CO LTD;OTHER;;
19032847;MITSUI & CO LTD;OTHER;;
19037620;JBS S.A.;FIN_REP;https://www.rad.cvm.gov.br/ENET/frmDownloadDocumento.aspx?Tela=ext&numSequencia=876241&numVersao=1&numProtocolo=1351515&descTipo=IPE&CodigoInstituicao=1;2023
19037620;JBS S.A.;OTHER;;
19037620;JBS S.A.;OTHER;;
19037620;JBS S.A.;OTHER;;
19037620;JBS S.A.;OTHER;;
19037620;JBS S.A.;OTHER;;
19037648;H & M HENNES & MAURITZ;FIN_REP;https://hmgroup.com/wp-content/uploads/2024/03/PRM-HM-Group-Annual-and-Sustainability-Report-2023.pdf;2023
19037648;H & M HENNES & MAURITZ;OTHER;;
19037648;H & M HENNES & MAURITZ;OTHER;;
19037648;H & M HENNES & MAURITZ;OTHER;;
19037648;H & M HENNES & MAURITZ;OTHER;;
19037648;H & M HENNES & MAURITZ;OTHER;;
19041196;MERCEDES-BENZ GROUP;FIN_REP;https://group.mercedes-benz.com/documents/investors/reports/annual-report/mercedes-benz/mercedes-benz-annual-report-2023-incl-combined-management-report-mbg-ag.pdf;2023
19041196;MERCEDES-BENZ GROUP;OTHER;;
19041196;MERCEDES-BENZ GROUP;OTHER;;
19041196;MERCEDES-BENZ GROUP;OTHER;;
19041196;MERCEDES-BENZ GROUP;OTHER;;
19041196;MERCEDES-BENZ GROUP;OTHER;;
19041914;PEPSICO INC;FIN_REP;https://www.pepsico.com/docs/default-source/annual-reports/2024-pepsico-annual-report.pdf?sfvrsn=4184de56_3;2024
19041914;PEPSICO INC;OTHER;;
19041914;PEPSICO INC;OTHER;;
19041914;PEPSICO INC;OTHER;;
19041914;PEPSICO INC;OTHER;;
19041914;PEPSICO INC;OTHER;;
19042061;COMPASS GROUP PLC;FIN_REP;https://stocklight.com/stocks/us/nyse-comp/compass/annual-reports/nyse-comp-2024-10K-24690108.pdf;2024
19042061;COMPASS GROUP PLC;OTHER;;
19042061;COMPASS GROUP PLC;OTHER;;
19042061;COMPASS GROUP PLC;OTHER;;
19042061;COMPASS GROUP PLC;OTHER;;
19042061;COMPASS GROUP PLC;OTHER;;
19044103;ATOS SE;FIN_REP;https://atos.net/wp-content/uploads/2024/03/PR-Atos-2023-annual-results.pdf;2023
19044103;ATOS SE;OTHER;;
19044103;ATOS SE;OTHER;;
19044103;ATOS SE;OTHER;;
19044103;ATOS SE;OTHER;;
19044103;ATOS SE;OTHER;;
19044732;VOLKSWAGEN;FIN_REP;https://uploads.vw-mms.de/system/production/documents/cws/002/672/file_en/5d5636ff2195b2fb054d463e85724b991b17a7e2/Consolidated_Financial_Statements_of_Volkswagen_AG_as_of_December_31_2023.pdf?1710307757;2023
19044732;VOLKSWAGEN;OTHER;;
19044732;VOLKSWAGEN;OTHER;;
19044732;VOLKSWAGEN;OTHER;;
19044732;VOLKSWAGEN;OTHER;;
19044732;VOLKSWAGEN;OTHER;;
19045186;TOYOTA MOTOR CORPORATION;FIN_REP;https://global.toyota/pages/global_toyota/ir/library/annual/2024_001_integrated_en.pdf;2024
19045186;TOYOTA MOTOR CORPORATION;OTHER;;
19045186;TOYOTA MOTOR CORPORATION;OTHER;;
19045186;TOYOTA MOTOR CORPORATION;OTHER;;
19045186;TOYOTA MOTOR CORPORATION;OTHER;;
19045186;TOYOTA MOTOR CORPORATION;OTHER;;
19050011;DEUTSCHE TELEKOM;FIN_REP;https://www.telekom.com/resource/blob/1085970/9e25d438580a5e3f39521fd94ed5e48c/dt-24-annual-report-data.pdf;2024
19050011;DEUTSCHE TELEKOM;OTHER;;
19050011;DEUTSCHE TELEKOM;OTHER;;
19050011;DEUTSCHE TELEKOM;OTHER;;
19050011;DEUTSCHE TELEKOM;OTHER;;
19050011;DEUTSCHE TELEKOM;OTHER;;
19050406;ITOCHU CORPORATION;FIN_REP;https://www.itochu.co.jp/en/files/FIR2024E.pdf;2024
19050406;ITOCHU CORPORATION;OTHER;;
19050406;ITOCHU CORPORATION;OTHER;;
19050406;ITOCHU CORPORATION;OTHER;;
19050406;ITOCHU CORPORATION;OTHER;;
19050406;ITOCHU CORPORATION;OTHER;;
19052995;ALSTOM;FIN_REP;https://www.alstom.com/sites/alstom.com/files/2024/05/07/20240508_Alstom_FY_+2023_24_Annual_Results_Management_Report_EN.pdf;2024
19052995;ALSTOM;OTHER;;
19052995;ALSTOM;OTHER;;
19052995;ALSTOM;OTHER;;
19052995;ALSTOM;OTHER;;
19052995;ALSTOM;OTHER;;
19053695;DANONE;FIN_REP;https://portal-eba.factsetdigitalsolutions.com/modules/res/PdfRenderer.php?f=FR0000120644-2024-11-10.pdf&u=/modules/res/company_profile/download.php?LANG=en&MARKET=at&ISIN=FR0000120644;2023
19053695;DANONE;OTHER;;
19053695;DANONE;OTHER;;
19053695;DANONE;OTHER;;
19053695;DANONE;OTHER;;
19053695;DANONE;OTHER;;
19057037;THERMO FISHER SCIENTIFIC INC.;FIN_REP;https://stocklight.com/stocks/us/nyse-tmo/thermo-fisher-scientific/annual-reports/nyse-tmo-2023-10K-23658387.pdf;2023
19057037;THERMO FISHER SCIENTIFIC INC.;OTHER;;
19057037;THERMO FISHER SCIENTIFIC INC.;OTHER;;
19057037;THERMO FISHER SCIENTIFIC INC.;OTHER;;
19057037;THERMO FISHER SCIENTIFIC INC.;OTHER;;
19057037;THERMO FISHER SCIENTIFIC INC.;OTHER;;
19060705;NIPPON TELEGRAPH AND TELEPHONE CORPORATION;FIN_REP;https://group.ntt/en/ir/library/yuho/2023/pdf/39yuho.pdf;2023
19060705;NIPPON TELEGRAPH AND TELEPHONE CORPORATION;OTHER;;
19060705;NIPPON TELEGRAPH AND TELEPHONE CORPORATION;OTHER;;
19060705;NIPPON TELEGRAPH AND TELEPHONE CORPORATION;OTHER;;
19060705;NIPPON TELEGRAPH AND TELEPHONE CORPORATION;OTHER;;
19060705;NIPPON TELEGRAPH AND TELEPHONE CORPORATION;OTHER;;
19061929;ZHEJIANG GEELY HOLDING GROUP CO LTD;FIN_REP;http://www.geelyauto.com.hk/wp-content/uploads/2024/04/20240426-Annual-Report-2023_E.pdf;2023
19061929;ZHEJIANG GEELY HOLDING GROUP CO LTD;OTHER;;
19061929;ZHEJIANG GEELY HOLDING GROUP CO LTD;OTHER;;
19061929;ZHEJIANG GEELY HOLDING GROUP CO LTD;OTHER;;
19061929;ZHEJIANG GEELY HOLDING GROUP CO LTD;OTHER;;
19061929;ZHEJIANG GEELY HOLDING GROUP CO LTD;OTHER;;
19063169;DEUTSCHE POST;FIN_REP;https://group.dhl.com/content/dam/deutschepostdhl/en/media-center/investors/documents/annual-reports/DHL-Group-2024-Annual-Report.pdf;2023
19063169;DEUTSCHE POST;OTHER;;
19063169;DEUTSCHE POST;OTHER;;
19063169;DEUTSCHE POST;OTHER;;
19063169;DEUTSCHE POST;OTHER;;
19063169;DEUTSCHE POST;OTHER;;
19063238;ACCENTURE PLC;FIN_REP;https://www.accenture.com/content/dam/accenture/final/accenture-com/a-com-custom-component/iconic/document/Accenture-2024-10-K.pdf;2024
19063238;ACCENTURE PLC;OTHER;;
19063238;ACCENTURE PLC;OTHER;;
19063238;ACCENTURE PLC;OTHER;;
19063238;ACCENTURE PLC;OTHER;;
19063238;ACCENTURE PLC;OTHER;;
19071003;SCHAEFFLER;FIN_REP;https://www.schaeffler.com/remotemedien/media/_shared_media_rwd/08_investor_relations/annual_general_meetings/2024_agm/2023_vitesco_annual_report_en_mwe8q0.pdf;2023
19071003;SCHAEFFLER;OTHER;;
19071003;SCHAEFFLER;OTHER;;
19071003;SCHAEFFLER;OTHER;;
19071003;SCHAEFFLER;OTHER;;
19071003;SCHAEFFLER;OTHER;;
19078026;SINOCHEM;FIN_REP;https://www1.hkexnews.hk/listedco/listconews/sehk/2023/0328/2023032800352.pdf;2022
19078026;SINOCHEM;OTHER;;
19078026;SINOCHEM;OTHER;;
19078026;SINOCHEM;OTHER;;
19078026;SINOCHEM;OTHER;;
19078026;SINOCHEM;OTHER;;
19078254;BOUYGUES;FIN_REP;https://www.bouygues.com/wp-content/uploads/docs/91140/financial-statements-for-bouygues-and-its-subsidiaries.pdf;2024
19078254;BOUYGUES;OTHER;;
19078254;BOUYGUES;OTHER;;
19078254;BOUYGUES;OTHER;;
19078254;BOUYGUES;OTHER;;
19078254;BOUYGUES;OTHER;;
19081380;EDP;FIN_REP;https://www.edpr.com/sites/edpr/files/2025-02/EDPR_AnnualReport2024.pdf;2024
19081380;EDP;OTHER;;
19081380;EDP;OTHER;;
19081380;EDP;OTHER;;
19081380;EDP;OTHER;;
19081380;EDP;OTHER;;
19089102;NOVARTIS AG;FIN_REP;https://prod1.financial.novartis.com/sites/novartis_com/files/novartis-annual-report-2023.pdf;2023
19089102;NOVARTIS AG;OTHER;;
19089102;NOVARTIS AG;OTHER;;
19089102;NOVARTIS AG;OTHER;;
19089102;NOVARTIS AG;OTHER;;
19089102;NOVARTIS AG;OTHER;;
19098069;EXXON MOBIL CORP;FIN_REP;https://investor.exxonmobil.com/sec-filings/annual-reports/content/0001193125-24-092555/0001193125-24-092555.pdf;2023
19098069;EXXON MOBIL CORP;OTHER;;
19098069;EXXON MOBIL CORP;OTHER;;
19098069;EXXON MOBIL CORP;OTHER;;
19098069;EXXON MOBIL CORP;OTHER;;
19098069;EXXON MOBIL CORP;OTHER;;
19098782;HENKEL KGAA;FIN_REP;https://www.annualreports.com/HostedData/AnnualReportArchive/h/OTC_HENKY_2019.pdf;2019
19098782;HENKEL KGAA;OTHER;;
19098782;HENKEL KGAA;OTHER;;
19098782;HENKEL KGAA;OTHER;;
19098782;HENKEL KGAA;OTHER;;
19098782;HENKEL KGAA;OTHER;;
19103593;D IETEREN GROUP;FIN_REP;https://www.dieterenimmo.be/storage/media/annual-report-2023.pdf;2023
19103593;D IETEREN GROUP;OTHER;;
19103593;D IETEREN GROUP;OTHER;;
19103593;D IETEREN GROUP;OTHER;;
19103593;D IETEREN GROUP;OTHER;;
19103593;D IETEREN GROUP;OTHER;;
19106201;HEINEKEN;FIN_REP;https://www.heinekenholding.com/sites/heinekenholding-v2/files/2025-02/heineken-holding-nv-annual-report-2024-corporate-governance-code.pdf;2024
19106201;HEINEKEN;OTHER;;
19106201;HEINEKEN;OTHER;;
19106201;HEINEKEN;OTHER;;
19106201;HEINEKEN;OTHER;;
19106201;HEINEKEN;OTHER;;
19112336;INDITEX;FIN_REP;https://www.inditex.com/itxcomweb/api/media/67318e10-6bd2-438b-accb-5a372d82a953/Annualaccountsanddirectorsreport2024parent.pdf?t=1742203068333;2024
19112336;INDITEX;OTHER;;
19112336;INDITEX;OTHER;;
19112336;INDITEX;OTHER;;
19112336;INDITEX;OTHER;;
19112336;INDITEX;OTHER;;
19118622;IBERDROLA;FIN_REP;https://www.iberdrola.com/documents/20125/4778712/gsm25-annual-accounts-individual-2024.pdf;2024
19118622;IBERDROLA;OTHER;;
19118622;IBERDROLA;OTHER;;
19118622;IBERDROLA;OTHER;;
19118622;IBERDROLA;OTHER;;
19118622;IBERDROLA;OTHER;;
19143810;JOHN SWIRE & SONS LIMITED;FIN_REP;https://site.irasia.com/listco/swirepacific/en/ir/reports/swirepacificAR2024/pdf/en/Swire_AR24_e_121_Directors_Report.pdf;2024
19143810;JOHN SWIRE & SONS LIMITED;OTHER;;
19143810;JOHN SWIRE & SONS LIMITED;OTHER;;
19143810;JOHN SWIRE & SONS LIMITED;OTHER;;
19143810;JOHN SWIRE & SONS LIMITED;OTHER;;
19143810;JOHN SWIRE & SONS LIMITED;OTHER;;
19145378;ESSITY;FIN_REP;https://assets.www.essity.com/essity/Essity_AR_ENG_2023_print.pdf;2023
19145378;ESSITY;OTHER;;
19145378;ESSITY;OTHER;;
19145378;ESSITY;OTHER;;
19145378;ESSITY;OTHER;;
19145378;ESSITY;OTHER;;
19149741;LEONARDO SOCIETA PER AZIONI;FIN_REP;https://www.leonardo.com/documents/15646808/28608810/2024+Integrated+Annual+Report.pdf;2024
19149741;LEONARDO SOCIETA PER AZIONI;OTHER;;
19149741;LEONARDO SOCIETA PER AZIONI;OTHER;;
19149741;LEONARDO SOCIETA PER AZIONI;OTHER;;
19149741;LEONARDO SOCIETA PER AZIONI;OTHER;;
19149741;LEONARDO SOCIETA PER AZIONI;OTHER;;
19157606;BOSCH;FIN_REP;https://scalca.blob.core.windows.net/2024/Robert_Bosch_Inc._2024_aKyeQG.pdf;2023
19157606;BOSCH;OTHER;;
19157606;BOSCH;OTHER;;
19157606;BOSCH;OTHER;;
19157606;BOSCH;OTHER;;
19157606;BOSCH;OTHER;;
19159067;DELL TECHNOLOGIES INC.;FIN_REP;https://investors.delltechnologies.com/static-files/bcc61949-77e3-4e72-be67-2f07d5e317eb;2023
19159067;DELL TECHNOLOGIES INC.;OTHER;;
19159067;DELL TECHNOLOGIES INC.;OTHER;;
19159067;DELL TECHNOLOGIES INC.;OTHER;;
19159067;DELL TECHNOLOGIES INC.;OTHER;;
19159067;DELL TECHNOLOGIES INC.;OTHER;;
19159307;INTERTEK GROUP PLC;FIN_REP;https://www.intertek.com/siteassets/investors/2024/intertek-financial-report-2024.pdf;2024
19159307;INTERTEK GROUP PLC;OTHER;;
19159307;INTERTEK GROUP PLC;OTHER;;
19159307;INTERTEK GROUP PLC;OTHER;;
19159307;INTERTEK GROUP PLC;OTHER;;
19159307;INTERTEK GROUP PLC;OTHER;;
19174661;ESSILORLUXOTTICA;FIN_REP;https://cms.essilorluxottica.com/caas/v1/media/106152/data/download/634a6cb7c3abdbe4c989aabf445d13a1.pdf;2022
19174661;ESSILORLUXOTTICA;OTHER;;
19174661;ESSILORLUXOTTICA;OTHER;;
19174661;ESSILORLUXOTTICA;OTHER;;
19174661;ESSILORLUXOTTICA;OTHER;;
19174661;ESSILORLUXOTTICA;OTHER;;
19187838;ALPHABET INC.;FIN_REP;https://abc.xyz/assets/43/44/675b83d7455885c4615d848d52a4/goog-10-k-2023.pdf;2023
19187838;ALPHABET INC.;OTHER;;
19187838;ALPHABET INC.;OTHER;;
19187838;ALPHABET INC.;OTHER;;
19187838;ALPHABET INC.;OTHER;;
19187838;ALPHABET INC.;OTHER;;
19191179;MARUBENI CORPORATION;FIN_REP;https://scalca.blob.core.windows.net/2024/MARUBENI_CORPORATION_2024_bD7eZn.pdf;2024
19191179;MARUBENI CORPORATION;OTHER;;
19191179;MARUBENI CORPORATION;OTHER;;
19191179;MARUBENI CORPORATION;OTHER;;
19191179;MARUBENI CORPORATION;OTHER;;
19191179;MARUBENI CORPORATION;OTHER;;
19191444;RELX PLC;FIN_REP;https://live.euronext.com/sites/default/files/company_press_releases/attachments/2025/02/20/Connect_publication-2024-annual-report-and-annual-report-form-20-f.pdf;2024
19191444;RELX PLC;OTHER;;
19191444;RELX PLC;OTHER;;
19191444;RELX PLC;OTHER;;
19191444;RELX PLC;OTHER;;
19191444;RELX PLC;OTHER;;
19191498;BOLLORE PARTICIPATIONS SE;FIN_REP;https://www.bollore.com/bollo-content/uploads/2023/05/0502_boll22t023_rapport-d-activite_2022_gb_mel.pdf;2023
19191498;BOLLORE PARTICIPATIONS SE;OTHER;;
19191498;BOLLORE PARTICIPATIONS SE;OTHER;;
19191498;BOLLORE PARTICIPATIONS SE;OTHER;;
19191498;BOLLORE PARTICIPATIONS SE;OTHER;;
19191498;BOLLORE PARTICIPATIONS SE;OTHER;;
19192598;JOHNSON & JOHNSON;FIN_REP;https://stocklight.com/stocks/us/nyse-jnj/johnson-johnson/annual-reports/nyse-jnj-2024-10K-24648459.pdf;2024
19192598;JOHNSON & JOHNSON;OTHER;;
19192598;JOHNSON & JOHNSON;OTHER;;
19192598;JOHNSON & JOHNSON;OTHER;;
19192598;JOHNSON & JOHNSON;OTHER;;
19192598;JOHNSON & JOHNSON;OTHER;;
19196807;CARREFOUR;FIN_REP;https://www.carrefour.com/sites/default/files/2025-02/FY+2024+Consolidated+financial+statements.pdf;2024
19196807;CARREFOUR;OTHER;;
19196807;CARREFOUR;OTHER;;
19196807;CARREFOUR;OTHER;;
19196807;CARREFOUR;OTHER;;
19196807;CARREFOUR;OTHER;;
19201457;ALFA LAVAL AB;FIN_REP;https://www.alfalaval.com/globalassets/documents/investors/english/annual-reports/2024/alfa-laval-annual-report-2024.pdf;2024
19201457;ALFA LAVAL AB;OTHER;;
19201457;ALFA LAVAL AB;OTHER;;
19201457;ALFA LAVAL AB;OTHER;;
19201457;ALFA LAVAL AB;OTHER;;
19201457;ALFA LAVAL AB;OTHER;;
19206259;SGS;FIN_REP;https://www.sgs.com/-/media/sgscorp/documents/corporate/reports-and-presentations/2020s/2025/sgs-2024-integrated-report-en.cdn.en.pdf;2024
19206259;SGS;OTHER;;
19206259;SGS;OTHER;;
19206259;SGS;OTHER;;
19206259;SGS;OTHER;;
19206259;SGS;OTHER;;
19216371;COMPAGNIE GENERALE DES ETABLISSEMENTS MICHELIN;FIN_REP;https://dgaddcosprod.blob.core.windows.net/cxf-corporate/attachments/pzz7jxj9liqji7wszpdckpcn-financial-information-at-december-31-2024.pdf;2024
19216371;COMPAGNIE GENERALE DES ETABLISSEMENTS MICHELIN;OTHER;;
19216371;COMPAGNIE GENERALE DES ETABLISSEMENTS MICHELIN;OTHER;;
19216371;COMPAGNIE GENERALE DES ETABLISSEMENTS MICHELIN;OTHER;;
19216371;COMPAGNIE GENERALE DES ETABLISSEMENTS MICHELIN;OTHER;;
19216371;COMPAGNIE GENERALE DES ETABLISSEMENTS MICHELIN;OTHER;;
19217026;HITACHI LTD;FIN_REP;https://www.hitachi.com/IR-e/library/integrated/2023/ar2023e_03.pdf;2023
19217026;HITACHI LTD;OTHER;;
19217026;HITACHI LTD;OTHER;;
19217026;HITACHI LTD;OTHER;;
19217026;HITACHI LTD;OTHER;;
19217026;HITACHI LTD;OTHER;;
19226059;HOLCIM AG;FIN_REP;https://www.holcim.com/sites/holcim/files/2022-04/02272020-finance-lafageholcim_fy_2019_report-en_421281078.pdf;2023
19226059;HOLCIM AG;OTHER;;
19226059;HOLCIM AG;OTHER;;
19226059;HOLCIM AG;OTHER;;
19226059;HOLCIM AG;OTHER;;
19226059;HOLCIM AG;OTHER;;
19231130;SCHNEIDER ELECTRIC SE;FIN_REP;https://www.se.com/ww/en/assets/564/document/379351/accounts-fy-results-2022.pdf;2022
19231130;SCHNEIDER ELECTRIC SE;OTHER;;
19231130;SCHNEIDER ELECTRIC SE;OTHER;;
19231130;SCHNEIDER ELECTRIC SE;OTHER;;
19231130;SCHNEIDER ELECTRIC SE;OTHER;;
19231130;SCHNEIDER ELECTRIC SE;OTHER;;
19233882;EUROFINS SCIENTIFIC;FIN_REP;https://cdnmedia.eurofins.com/corporate-eurofins/media/wmvnjc2u/eurofins-scientific-2024-annual-report.pdf;2024
19233882;EUROFINS SCIENTIFIC;OTHER;;
19233882;EUROFINS SCIENTIFIC;OTHER;;
19233882;EUROFINS SCIENTIFIC;OTHER;;
19233882;EUROFINS SCIENTIFIC;OTHER;;
19233882;EUROFINS SCIENTIFIC;OTHER;;
19234151;REPSOL;FIN_REP;https://www.repsol.com/content/dam/repsol-corporate/en_gb/accionistas-e-inversores/informes-anuales/2024/consolidated-financial-statements.pdf;2024
19234151;REPSOL;OTHER;;
19234151;REPSOL;OTHER;;
19234151;REPSOL;OTHER;;
19234151;REPSOL;OTHER;;
19234151;REPSOL;OTHER;;
19238855;ANHEUSER-BUSCH INBEV;FIN_REP;https://www.ab-inbev.com/assets/pressreleases/2023/AB_InBev_2022_Annual_Report_FINAL_min.pdf;2023
19238855;ANHEUSER-BUSCH INBEV;OTHER;;
19238855;ANHEUSER-BUSCH INBEV;OTHER;;
19238855;ANHEUSER-BUSCH INBEV;OTHER;;
19238855;ANHEUSER-BUSCH INBEV;OTHER;;
19238855;ANHEUSER-BUSCH INBEV;OTHER;;
19245907;SAMSUNG ELECTRONICS CO. LTD.;FIN_REP;https://img.global.news.samsung.com/es/wp-content/uploads/2024/08/Samsung-Annual-Report-2023.pdf;2023
19245907;SAMSUNG ELECTRONICS CO. LTD.;OTHER;;
19245907;SAMSUNG ELECTRONICS CO. LTD.;OTHER;;
19245907;SAMSUNG ELECTRONICS CO. LTD.;OTHER;;
19245907;SAMSUNG ELECTRONICS CO. LTD.;OTHER;;
19245907;SAMSUNG ELECTRONICS CO. LTD.;OTHER;;
19249932;NOVO NORDISK;FIN_REP;https://www.novonordisk.com/content/dam/nncorp/global/en/investors/irmaterial/annual_report/2024/novo-nordisk-annual-report-2023.pdf;2023
19249932;NOVO NORDISK;OTHER;;
19249932;NOVO NORDISK;OTHER;;
19249932;NOVO NORDISK;OTHER;;
19249932;NOVO NORDISK;OTHER;;
19249932;NOVO NORDISK;OTHER;;
19253725;SOLVAY;FIN_REP;https://www.solvay.com/sites/g/files/srpend221/files/2023-05/solvay-2022-annual-integrated-report.pdf;2022
19253725;SOLVAY;OTHER;;
19253725;SOLVAY;OTHER;;
19253725;SOLVAY;OTHER;;
19253725;SOLVAY;OTHER;;
19253725;SOLVAY;OTHER;;
19258448;BERTELSMANN STIFTUNG;FIN_REP;https://www.bertelsmann-stiftung.de/fileadmin/files/BSt/Publikationen/Infomaterialien/Bertelsmann_St_Jahresbericht_2024_EN_web.pdf;2024
19258448;BERTELSMANN STIFTUNG;OTHER;;
19258448;BERTELSMANN STIFTUNG;OTHER;;
19258448;BERTELSMANN STIFTUNG;OTHER;;
19258448;BERTELSMANN STIFTUNG;OTHER;;
19258448;BERTELSMANN STIFTUNG;OTHER;;
19261077;ASTRAZENECA PLC;FIN_REP;https://www.astrazeneca.ch/content/dam/az/Investor_Relations/annual-report-2024/pdf/AstraZeneca_AR_2024_Financial_Statements.pdf;2024
19261077;ASTRAZENECA PLC;OTHER;;
19261077;ASTRAZENECA PLC;OTHER;;
19261077;ASTRAZENECA PLC;OTHER;;
19261077;ASTRAZENECA PLC;OTHER;;
19261077;ASTRAZENECA PLC;OTHER;;
19264134;ISS A/S;FIN_REP;https://inv.issworld.com/static-files/585d0080-ec35-497c-961f-c2d0ae3dc9f1;2023
19264134;ISS A/S;OTHER;;
19264134;ISS A/S;OTHER;;
19264134;ISS A/S;OTHER;;
19264134;ISS A/S;OTHER;;
19264134;ISS A/S;OTHER;;
19266518;WIENERBERGER GROUP;FIN_REP;https://www.wienerberger.com/content/dam/corp/corporate-website/downloads/investors-downloads/2024/20250226-wienerberger-FY-2024-Report.pdf;2024
19266518;WIENERBERGER GROUP;OTHER;;
19266518;WIENERBERGER GROUP;OTHER;;
19266518;WIENERBERGER GROUP;OTHER;;
19266518;WIENERBERGER GROUP;OTHER;;
19266518;WIENERBERGER GROUP;OTHER;;
19275814;VESTAS WIND SYSTEMS A/S;FIN_REP;https://www.vestas.com/content/dam/vestas-com/global/en/investor/reports-and-presentations/financial/2024/fy-2024/250205_02_Company_Announcement.pdf.coredownload.inline.pdf;2024
19275814;VESTAS WIND SYSTEMS A/S;OTHER;;
19275814;VESTAS WIND SYSTEMS A/S;OTHER;;
19275814;VESTAS WIND SYSTEMS A/S;OTHER;;
19275814;VESTAS WIND SYSTEMS A/S;OTHER;;
19275814;VESTAS WIND SYSTEMS A/S;OTHER;;
19276100;YARA INTERNATIONAL ASA;FIN_REP;https://beta.yara.com/siteassets/investors/057-reports-and-presentations/annual-reports/2024/yara-integrated-report-2024.pdf;2024
19276100;YARA INTERNATIONAL ASA;OTHER;;
19276100;YARA INTERNATIONAL ASA;OTHER;;
19276100;YARA INTERNATIONAL ASA;OTHER;;
19276100;YARA INTERNATIONAL ASA;OTHER;;
19276100;YARA INTERNATIONAL ASA;OTHER;;
19286023;MITSUBISHI CORPORATION;FIN_REP;https://www.rns-pdf.londonstockexchange.com/rns/6026D_1-2024-9-10.pdf;2024
19286023;MITSUBISHI CORPORATION;OTHER;;
19286023;MITSUBISHI CORPORATION;OTHER;;
19286023;MITSUBISHI CORPORATION;OTHER;;
19286023;MITSUBISHI CORPORATION;OTHER;;
19286023;MITSUBISHI CORPORATION;OTHER;;
19287986;ZF FRIEDRICHSHAFEN;FIN_REP;https://www.zf.com/master/media/corporate/m_zf_com/company/bonds_relations_/financial_reports/annual_report/2023_3/IR_Call_FY_2023_2024_03_19.pdf;2023
19287986;ZF FRIEDRICHSHAFEN;OTHER;;
19287986;ZF FRIEDRICHSHAFEN;OTHER;;
19287986;ZF FRIEDRICHSHAFEN;OTHER;;
19287986;ZF FRIEDRICHSHAFEN;OTHER;;
19287986;ZF FRIEDRICHSHAFEN;OTHER;;
19297963;KRKA TOVARNA ZDRAVIL DD NOVO MESTO;FIN_REP;https://www.krka.biz/_assets/Annual-Report-2023.pdf;2023
19297963;KRKA TOVARNA ZDRAVIL DD NOVO MESTO;OTHER;;
19297963;KRKA TOVARNA ZDRAVIL DD NOVO MESTO;OTHER;;
19297963;KRKA TOVARNA ZDRAVIL DD NOVO MESTO;OTHER;;
19297963;KRKA TOVARNA ZDRAVIL DD NOVO MESTO;OTHER;;
19297963;KRKA TOVARNA ZDRAVIL DD NOVO MESTO;OTHER;;
19300811;PRYSMIAN S.P.A.;FIN_REP;https://www.prysmian.cn/sites/www.prysmian.com/files/media/documents/2-Report-on-Corporate-Governance-2024-final_0.pdf;2024
19300811;PRYSMIAN S.P.A.;OTHER;;
19300811;PRYSMIAN S.P.A.;OTHER;;
19300811;PRYSMIAN S.P.A.;OTHER;;
19300811;PRYSMIAN S.P.A.;OTHER;;
19300811;PRYSMIAN S.P.A.;OTHER;;
19312144;CANON INCORPORATED;FIN_REP;https://en.canon-elec.co.jp/files/media/2025/02/Annual-Report-FY2024Unaudited.pdf;2024
19312144;CANON INCORPORATED;OTHER;;
19312144;CANON INCORPORATED;OTHER;;
19312144;CANON INCORPORATED;OTHER;;
19312144;CANON INCORPORATED;OTHER;;
19312144;CANON INCORPORATED;OTHER;;
19313683;STANLEY BLACK & DECKER INC.;FIN_REP;https://stocklight.com/stocks/us/nyse-swk/stanley-black-decker/annual-reports/nyse-swk-2025-10K-25636086.pdf;2025
19313683;STANLEY BLACK & DECKER INC.;OTHER;;
19313683;STANLEY BLACK & DECKER INC.;OTHER;;
19313683;STANLEY BLACK & DECKER INC.;OTHER;;
19313683;STANLEY BLACK & DECKER INC.;OTHER;;
19313683;STANLEY BLACK & DECKER INC.;OTHER;;
19314055;NORSK HYDRO ASA;FIN_REP;https://www.hydro.com/globalassets/06-investors/reports-and-presentations/annual-report/nhy-2024/hydro-remuneration-report-2024.pdf;2023
19314055;NORSK HYDRO ASA;OTHER;;
19314055;NORSK HYDRO ASA;OTHER;;
19314055;NORSK HYDRO ASA;OTHER;;
19314055;NORSK HYDRO ASA;OTHER;;
19314055;NORSK HYDRO ASA;OTHER;;
19331837;EDIZIONE;FIN_REP;https://www.edizione.com/wp-content/uploads/2024/07/Consolidato-Edizione-2023_ENG.pdf;2023
19331837;EDIZIONE;OTHER;;
19331837;EDIZIONE;OTHER;;
19331837;EDIZIONE;OTHER;;
19331837;EDIZIONE;OTHER;;
19331837;EDIZIONE;OTHER;;
19340550;VINCI;FIN_REP;https://www.vinci.com/sites/default/files/medias/communiques/file/2025-02/2024-vinci-annuals-results.pdf;2024
19340550;VINCI;OTHER;;
19340550;VINCI;OTHER;;
19340550;VINCI;OTHER;;
19340550;VINCI;OTHER;;
19340550;VINCI;OTHER;;
19344352;KUEHNE NAGEL;FIN_REP;https://home.kuehne-nagel.com/documents/20124/28402334/Kuehne+Nagel+Financial+Year+2024+EN+04.03.25.pdf/9621af70-b7d9-c591-f217-dfbd074ee154?t=1741065997186;2024
19344352;KUEHNE NAGEL;OTHER;;
19344352;KUEHNE NAGEL;OTHER;;
19344352;KUEHNE NAGEL;OTHER;;
19344352;KUEHNE NAGEL;OTHER;;
19344352;KUEHNE NAGEL;OTHER;;
19346455;STRABAG GROUP;FIN_REP;https://www.strabag.com/site/strabag-company-locale/get/params_E-176154140/1002408/Yearly-Financial-Report-2023.pdf;2023
19346455;STRABAG GROUP;OTHER;;
19346455;STRABAG GROUP;OTHER;;
19346455;STRABAG GROUP;OTHER;;
19346455;STRABAG GROUP;OTHER;;
19346455;STRABAG GROUP;OTHER;;
19414796;ATLAS UK BIDCO LIMITED;FIN_REP;https://cadentgas.com/nggdwsdev/media/Reports/2023/Quadgas-Investments-BidCo-Ltd-FY23-Annual-Report-and-Accounts-Signed-19-07-23.pdf;2023
19414796;ATLAS UK BIDCO LIMITED;OTHER;;
19414796;ATLAS UK BIDCO LIMITED;OTHER;;
19414796;ATLAS UK BIDCO LIMITED;OTHER;;
19414796;ATLAS UK BIDCO LIMITED;OTHER;;
19414796;ATLAS UK BIDCO LIMITED;OTHER;;
20016646;UNILEVER PLC;FIN_REP;https://www.unilever.com/files/33321193-0d9a-44dd-93f8-02209fc6bd54/annual-report-and-accounts-2021.pdf;2021
20016646;UNILEVER PLC;OTHER;;
20016646;UNILEVER PLC;OTHER;;
20016646;UNILEVER PLC;OTHER;;
20016646;UNILEVER PLC;OTHER;;
20016646;UNILEVER PLC;OTHER;;
20029695;PROSEGUR;FIN_REP;https://www.prosegur.com/dam/jcr:fd7dff54-554a-4b4c-be1c-23605af904eb/Estados+financieros+individual+PCS+2024+-ingles-.pdf;2024
20029695;PROSEGUR;OTHER;;
20029695;PROSEGUR;OTHER;;
20029695;PROSEGUR;OTHER;;
20029695;PROSEGUR;OTHER;;
20029695;PROSEGUR;OTHER;;
20083504;EATON CORPORATION PLC;FIN_REP;https://www.eaton.com/content/dam/eaton/company/investor-relations/annual-report/Eaton_AnnualReport22_Digital_FINAL.pdf;2023
20083504;EATON CORPORATION PLC;OTHER;;
20083504;EATON CORPORATION PLC;OTHER;;
20083504;EATON CORPORATION PLC;OTHER;;
20083504;EATON CORPORATION PLC;OTHER;;
20083504;EATON CORPORATION PLC;OTHER;;
20321242;ANDRITZ GROUP;FIN_REP;https://www.andritz.com/resource/blob/621030/dbee57fbbaa6c77724c2870c5e2743ff/andritz-annual-report-2024-web-data.pdf;2024
20321242;ANDRITZ GROUP;OTHER;;
20321242;ANDRITZ GROUP;OTHER;;
20321242;ANDRITZ GROUP;OTHER;;
20321242;ANDRITZ GROUP;OTHER;;
20321242;ANDRITZ GROUP;OTHER;;
20336161;ASSECO;FIN_REP;https://see.asseco.com/files/see/financial_reports/2024/Group_Asseco_SEE_-_Annual_Report_Consolidated.pdf;2024
20336161;ASSECO;OTHER;;
20336161;ASSECO;OTHER;;
20336161;ASSECO;OTHER;;
20336161;ASSECO;OTHER;;
20336161;ASSECO;OTHER;;
20344223;ELECTRICITE DE FRANCE;FIN_REP;https://www.edf.fr/sites/groupe/files/2024-02/annual-results-2023-consolidated-financial-statements-2024-02-16.pdf;2023
20344223;ELECTRICITE DE FRANCE;OTHER;;
20344223;ELECTRICITE DE FRANCE;OTHER;;
20344223;ELECTRICITE DE FRANCE;OTHER;;
20344223;ELECTRICITE DE FRANCE;OTHER;;
20344223;ELECTRICITE DE FRANCE;OTHER;;
20345723;A.P. MOLLER - MAERSK;FIN_REP;https://www.maersk.com/~/media_sc9/maersk/news/press-releases/files/2024/02/08/apmm-annual-report-2023.pdf;2023
20345723;A.P. MOLLER - MAERSK;OTHER;;
20345723;A.P. MOLLER - MAERSK;OTHER;;
20345723;A.P. MOLLER - MAERSK;OTHER;;
20345723;A.P. MOLLER - MAERSK;OTHER;;
20345723;A.P. MOLLER - MAERSK;OTHER;;
20397226;L OREAL;FIN_REP;https://www.loreal-finance.com/fr/system/files?file=2024-03/LOREAL_2023_Annual_Report_3_0.pdf;2023
20397226;L OREAL;OTHER;;
20397226;L OREAL;OTHER;;
20397226;L OREAL;OTHER;;
20397226;L OREAL;OTHER;;
20397226;L OREAL;OTHER;;
20449369;CARLSBERG A/S;FIN_REP;https://datacvr.virk.dk/gateway/dokument/downloadDokumentForVirksomhed?dokumentId=amNsb3VkczovLzAzLzViLzhjLzQxL2RhL2M0ZWEtNGIxOS1hN2E3LWE5Yzk1M2UxZTkwNA&cvrNummer=18273837;2023
20449369;CARLSBERG A/S;OTHER;;
20449369;CARLSBERG A/S;OTHER;;
20449369;CARLSBERG A/S;OTHER;;
20449369;CARLSBERG A/S;OTHER;;
20449369;CARLSBERG A/S;OTHER;;
20530530;STELLANTIS;FIN_REP;https://www.stellantis.com/content/dam/stellantis-corporate/investors/financial-reports/Stellantis-NV-20241231-Annual-Report.pdf;2024
20530530;STELLANTIS;OTHER;;
20530530;STELLANTIS;OTHER;;
20530530;STELLANTIS;OTHER;;
20530530;STELLANTIS;OTHER;;
20530530;STELLANTIS;OTHER;;
