ID;NAME;VARIABLE;SRC;VALUE;CURRENCY;REFYEAR
18490453;ADECCO GROUP AG;COUNTRY;;;N/A;
18490453;ADECCO GROUP AG;EMPLOYEES;;;N/A;
18490453;ADECCO GROUP AG;TURNOVER;;;;
18490453;ADECCO GROUP AG;ASSETS;;;;
18490453;ADECCO GROUP AG;WEBSITE;;;N/A;
18490453;ADECCO GROUP AG;ACTIVITY;;;N/A;
18503381;JOHNSON CONTROLS INTERNATIONAL PUBLIC LIMITED COMPANY;COUNTRY;;;N/A;
18503381;JOHNSON CONTROLS INTERNATIONAL PUBLIC LIMITED COMPANY;EMPLOYEES;;;N/A;
18503381;JOHNSON CONTROLS INTERNATIONAL PUBLIC LIMITED COMPANY;TURNOVER;;;;
18503381;JOHNSON CONTROLS INTERNATIONAL PUBLIC LIMITED COMPANY;ASSETS;;;;
18503381;JOHNSON CONTROLS INTERNATIONAL PUBLIC LIMITED COMPANY;WEBSITE;;;N/A;
18503381;JOHNSON CONTROLS INTERNATIONAL PUBLIC LIMITED COMPANY;ACTIVITY;;;N/A;
18503440;MAGNA INTERNATIONAL INC;COUNTRY;;;N/A;
18503440;MAGNA INTERNATIONAL INC;EMPLOYEES;;;N/A;
18503440;MAGNA INTERNATIONAL INC;TURNOVER;;;;
18503440;MAGNA INTERNATIONAL INC;ASSETS;;;;
18503440;MAGNA INTERNATIONAL INC;WEBSITE;;;N/A;
18503440;MAGNA INTERNATIONAL INC;ACTIVITY;;;N/A;
18511746;PUBLICIS GROUPE S A;COUNTRY;;;N/A;
18511746;PUBLICIS GROUPE S A;EMPLOYEES;;;N/A;
18511746;PUBLICIS GROUPE S A;TURNOVER;;;;
18511746;PUBLICIS GROUPE S A;ASSETS;;;;
18511746;PUBLICIS GROUPE S A;WEBSITE;;;N/A;
18511746;PUBLICIS GROUPE S A;ACTIVITY;;;N/A;
18512048;GEBR. KNAUF;COUNTRY;;;N/A;
18512048;GEBR. KNAUF;EMPLOYEES;;;N/A;
18512048;GEBR. KNAUF;TURNOVER;;;;
18512048;GEBR. KNAUF;ASSETS;;;;
18512048;GEBR. KNAUF;WEBSITE;;;N/A;
18512048;GEBR. KNAUF;ACTIVITY;;;N/A;
18519151;BRIDGESTONE CORPORATION;COUNTRY;;;N/A;
18519151;BRIDGESTONE CORPORATION;EMPLOYEES;;;N/A;
18519151;BRIDGESTONE CORPORATION;TURNOVER;;;;
18519151;BRIDGESTONE CORPORATION;ASSETS;;;;
18519151;BRIDGESTONE CORPORATION;WEBSITE;;;N/A;
18519151;BRIDGESTONE CORPORATION;ACTIVITY;;;N/A;
18520469;FERRERO;COUNTRY;;;N/A;
18520469;FERRERO;EMPLOYEES;;;N/A;
18520469;FERRERO;TURNOVER;;;;
18520469;FERRERO;ASSETS;;;;
18520469;FERRERO;WEBSITE;;;N/A;
18520469;FERRERO;ACTIVITY;;;N/A;
18521399;SUMITOMO CORPORATION;COUNTRY;;;N/A;
18521399;SUMITOMO CORPORATION;EMPLOYEES;;;N/A;
18521399;SUMITOMO CORPORATION;TURNOVER;;;;
18521399;SUMITOMO CORPORATION;ASSETS;;;;
18521399;SUMITOMO CORPORATION;WEBSITE;;;N/A;
18521399;SUMITOMO CORPORATION;ACTIVITY;;;N/A;
18527213;COMPAGNIE DE SAINT GOBAIN;COUNTRY;;;N/A;
18527213;COMPAGNIE DE SAINT GOBAIN;EMPLOYEES;;;N/A;
18527213;COMPAGNIE DE SAINT GOBAIN;TURNOVER;;;;
18527213;COMPAGNIE DE SAINT GOBAIN;ASSETS;;;;
18527213;COMPAGNIE DE SAINT GOBAIN;WEBSITE;;;N/A;
18527213;COMPAGNIE DE SAINT GOBAIN;ACTIVITY;;;N/A;
18535882;ABBOTT LABORATORIES;COUNTRY;;;N/A;
18535882;ABBOTT LABORATORIES;EMPLOYEES;;;N/A;
18535882;ABBOTT LABORATORIES;TURNOVER;;;;
18535882;ABBOTT LABORATORIES;ASSETS;;;;
18535882;ABBOTT LABORATORIES;WEBSITE;;;N/A;
18535882;ABBOTT LABORATORIES;ACTIVITY;;;N/A;
18539093;BP P.L.C.;COUNTRY;;;N/A;
18539093;BP P.L.C.;EMPLOYEES;;;N/A;
18539093;BP P.L.C.;TURNOVER;;;;
18539093;BP P.L.C.;ASSETS;;;;
18539093;BP P.L.C.;WEBSITE;;;N/A;
18539093;BP P.L.C.;ACTIVITY;;;N/A;
18541762;ENGIE;COUNTRY;;;N/A;
18541762;ENGIE;EMPLOYEES;;;N/A;
18541762;ENGIE;TURNOVER;;;;
18541762;ENGIE;ASSETS;;;;
18541762;ENGIE;WEBSITE;;;N/A;
18541762;ENGIE;ACTIVITY;;;N/A;
18543139;DENTSU GROUP INC.;COUNTRY;;;N/A;
18543139;DENTSU GROUP INC.;EMPLOYEES;;;N/A;
18543139;DENTSU GROUP INC.;TURNOVER;;;;
18543139;DENTSU GROUP INC.;ASSETS;;;;
18543139;DENTSU GROUP INC.;WEBSITE;;;N/A;
18543139;DENTSU GROUP INC.;ACTIVITY;;;N/A;
18552002;THYSSENKRUPP;COUNTRY;;;N/A;
18552002;THYSSENKRUPP;EMPLOYEES;;;N/A;
18552002;THYSSENKRUPP;TURNOVER;;;;
18552002;THYSSENKRUPP;ASSETS;;;;
18552002;THYSSENKRUPP;WEBSITE;;;N/A;
18552002;THYSSENKRUPP;ACTIVITY;;;N/A;
18573648;VOESTALPINE GROUP;COUNTRY;;;N/A;
18573648;VOESTALPINE GROUP;EMPLOYEES;;;N/A;
18573648;VOESTALPINE GROUP;TURNOVER;;;;
18573648;VOESTALPINE GROUP;ASSETS;;;;
18573648;VOESTALPINE GROUP;WEBSITE;;;N/A;
18573648;VOESTALPINE GROUP;ACTIVITY;;;N/A;
18573835;ORANGE;COUNTRY;;;N/A;
18573835;ORANGE;EMPLOYEES;;;N/A;
18573835;ORANGE;TURNOVER;;;;
18573835;ORANGE;ASSETS;;;;
18573835;ORANGE;WEBSITE;;;N/A;
18573835;ORANGE;ACTIVITY;;;N/A;
18581640;ORACLE CORP;COUNTRY;;;N/A;
18581640;ORACLE CORP;EMPLOYEES;;;N/A;
18581640;ORACLE CORP;TURNOVER;;;;
18581640;ORACLE CORP;ASSETS;;;;
18581640;ORACLE CORP;WEBSITE;;;N/A;
18581640;ORACLE CORP;ACTIVITY;;;N/A;
18587386;ACCOR;COUNTRY;;;N/A;
18587386;ACCOR;EMPLOYEES;;;N/A;
18587386;ACCOR;TURNOVER;;;;
18587386;ACCOR;ASSETS;;;;
18587386;ACCOR;WEBSITE;;;N/A;
18587386;ACCOR;ACTIVITY;;;N/A;
18591402;PROCTER & GAMBLE CO;COUNTRY;;;N/A;
18591402;PROCTER & GAMBLE CO;EMPLOYEES;;;N/A;
18591402;PROCTER & GAMBLE CO;TURNOVER;;;;
18591402;PROCTER & GAMBLE CO;ASSETS;;;;
18591402;PROCTER & GAMBLE CO;WEBSITE;;;N/A;
18591402;PROCTER & GAMBLE CO;ACTIVITY;;;N/A;
18599238;FCC;COUNTRY;;;N/A;
18599238;FCC;EMPLOYEES;;;N/A;
18599238;FCC;TURNOVER;;;;
18599238;FCC;ASSETS;;;;
18599238;FCC;WEBSITE;;;N/A;
18599238;FCC;ACTIVITY;;;N/A;
18606822;SOCIETE NATIONALE SNCF;COUNTRY;;;N/A;
18606822;SOCIETE NATIONALE SNCF;EMPLOYEES;;;N/A;
18606822;SOCIETE NATIONALE SNCF;TURNOVER;;;;
18606822;SOCIETE NATIONALE SNCF;ASSETS;;;;
18606822;SOCIETE NATIONALE SNCF;WEBSITE;;;N/A;
18606822;SOCIETE NATIONALE SNCF;ACTIVITY;;;N/A;
18611599;ATLAS COPCO AKTIEBOLAG;COUNTRY;;;N/A;
18611599;ATLAS COPCO AKTIEBOLAG;EMPLOYEES;;;N/A;
18611599;ATLAS COPCO AKTIEBOLAG;TURNOVER;;;;
18611599;ATLAS COPCO AKTIEBOLAG;ASSETS;;;;
18611599;ATLAS COPCO AKTIEBOLAG;WEBSITE;;;N/A;
18611599;ATLAS COPCO AKTIEBOLAG;ACTIVITY;;;N/A;
18618947;AKTIEBOLAGET SKF;COUNTRY;;;N/A;
18618947;AKTIEBOLAGET SKF;EMPLOYEES;;;N/A;
18618947;AKTIEBOLAGET SKF;TURNOVER;;;;
18618947;AKTIEBOLAGET SKF;ASSETS;;;;
18618947;AKTIEBOLAGET SKF;WEBSITE;;;N/A;
18618947;AKTIEBOLAGET SKF;ACTIVITY;;;N/A;
18622186;JOHN WOOD GROUP PLC;COUNTRY;;;N/A;
18622186;JOHN WOOD GROUP PLC;EMPLOYEES;;;N/A;
18622186;JOHN WOOD GROUP PLC;TURNOVER;;;;
18622186;JOHN WOOD GROUP PLC;ASSETS;;;;
18622186;JOHN WOOD GROUP PLC;WEBSITE;;;N/A;
18622186;JOHN WOOD GROUP PLC;ACTIVITY;;;N/A;
18627417;FUJITSU LIMITED;COUNTRY;;;N/A;
18627417;FUJITSU LIMITED;EMPLOYEES;;;N/A;
18627417;FUJITSU LIMITED;TURNOVER;;;;
18627417;FUJITSU LIMITED;ASSETS;;;;
18627417;FUJITSU LIMITED;WEBSITE;;;N/A;
18627417;FUJITSU LIMITED;ACTIVITY;;;N/A;
18629376;CRH PLC;COUNTRY;;;N/A;
18629376;CRH PLC;EMPLOYEES;;;N/A;
18629376;CRH PLC;TURNOVER;;;;
18629376;CRH PLC;ASSETS;;;;
18629376;CRH PLC;WEBSITE;;;N/A;
18629376;CRH PLC;ACTIVITY;;;N/A;
18632343;DEUTSCHE BAHN;COUNTRY;;;N/A;
18632343;DEUTSCHE BAHN;EMPLOYEES;;;N/A;
18632343;DEUTSCHE BAHN;TURNOVER;;;;
18632343;DEUTSCHE BAHN;ASSETS;;;;
18632343;DEUTSCHE BAHN;WEBSITE;;;N/A;
18632343;DEUTSCHE BAHN;ACTIVITY;;;N/A;
18636888;CARGILL;COUNTRY;;;N/A;
18636888;CARGILL;EMPLOYEES;;;N/A;
18636888;CARGILL;TURNOVER;;;;
18636888;CARGILL;ASSETS;;;;
18636888;CARGILL;WEBSITE;;;N/A;
18636888;CARGILL;ACTIVITY;;;N/A;
18644473;WARNER BROS. DISCOVERY INC.;COUNTRY;;;N/A;
18644473;WARNER BROS. DISCOVERY INC.;EMPLOYEES;;;N/A;
18644473;WARNER BROS. DISCOVERY INC.;TURNOVER;;;;
18644473;WARNER BROS. DISCOVERY INC.;ASSETS;;;;
18644473;WARNER BROS. DISCOVERY INC.;WEBSITE;;;N/A;
18644473;WARNER BROS. DISCOVERY INC.;ACTIVITY;;;N/A;
18646411;GENERAL ELECTRIC COMPANY;COUNTRY;;;N/A;
18646411;GENERAL ELECTRIC COMPANY;EMPLOYEES;;;N/A;
18646411;GENERAL ELECTRIC COMPANY;TURNOVER;;;;
18646411;GENERAL ELECTRIC COMPANY;ASSETS;;;;
18646411;GENERAL ELECTRIC COMPANY;WEBSITE;;;N/A;
18646411;GENERAL ELECTRIC COMPANY;ACTIVITY;;;N/A;
18648074;SAFRAN;COUNTRY;;;N/A;
18648074;SAFRAN;EMPLOYEES;;;N/A;
18648074;SAFRAN;TURNOVER;;;;
18648074;SAFRAN;ASSETS;;;;
18648074;SAFRAN;WEBSITE;;;N/A;
18648074;SAFRAN;ACTIVITY;;;N/A;
18658675;BASF;COUNTRY;;;N/A;
18658675;BASF;EMPLOYEES;;;N/A;
18658675;BASF;TURNOVER;;;;
18658675;BASF;ASSETS;;;;
18658675;BASF;WEBSITE;;;N/A;
18658675;BASF;ACTIVITY;;;N/A;
18665236;APTIV PLC;COUNTRY;;;N/A;
18665236;APTIV PLC;EMPLOYEES;;;N/A;
18665236;APTIV PLC;TURNOVER;;;;
18665236;APTIV PLC;ASSETS;;;;
18665236;APTIV PLC;WEBSITE;;;N/A;
18665236;APTIV PLC;ACTIVITY;;;N/A;
18673760;WPP PLC;COUNTRY;;;N/A;
18673760;WPP PLC;EMPLOYEES;;;N/A;
18673760;WPP PLC;TURNOVER;;;;
18673760;WPP PLC;ASSETS;;;;
18673760;WPP PLC;WEBSITE;;;N/A;
18673760;WPP PLC;ACTIVITY;;;N/A;
18685228;GI GROUP;COUNTRY;;;N/A;
18685228;GI GROUP;EMPLOYEES;;;N/A;
18685228;GI GROUP;TURNOVER;;;;
18685228;GI GROUP;ASSETS;;;;
18685228;GI GROUP;WEBSITE;;;N/A;
18685228;GI GROUP;ACTIVITY;;;N/A;
18686668;ACCIONA;COUNTRY;;;N/A;
18686668;ACCIONA;EMPLOYEES;;;N/A;
18686668;ACCIONA;TURNOVER;;;;
18686668;ACCIONA;ASSETS;;;;
18686668;ACCIONA;WEBSITE;;;N/A;
18686668;ACCIONA;ACTIVITY;;;N/A;
18691645;FLETCHER GROUP;COUNTRY;;;N/A;
18691645;FLETCHER GROUP;EMPLOYEES;;;N/A;
18691645;FLETCHER GROUP;TURNOVER;;;;
18691645;FLETCHER GROUP;ASSETS;;;;
18691645;FLETCHER GROUP;WEBSITE;;;N/A;
18691645;FLETCHER GROUP;ACTIVITY;;;N/A;
18694033;SODEXO;COUNTRY;;;N/A;
18694033;SODEXO;EMPLOYEES;;;N/A;
18694033;SODEXO;TURNOVER;;;;
18694033;SODEXO;ASSETS;;;;
18694033;SODEXO;WEBSITE;;;N/A;
18694033;SODEXO;ACTIVITY;;;N/A;
18700025;ADVANCE PROPERTIES;COUNTRY;;;N/A;
18700025;ADVANCE PROPERTIES;EMPLOYEES;;;N/A;
18700025;ADVANCE PROPERTIES;TURNOVER;;;;
18700025;ADVANCE PROPERTIES;ASSETS;;;;
18700025;ADVANCE PROPERTIES;WEBSITE;;;N/A;
18700025;ADVANCE PROPERTIES;ACTIVITY;;;N/A;
18705450;AKZO NOBEL NV;COUNTRY;;;N/A;
18705450;AKZO NOBEL NV;EMPLOYEES;;;N/A;
18705450;AKZO NOBEL NV;TURNOVER;;;;
18705450;AKZO NOBEL NV;ASSETS;;;;
18705450;AKZO NOBEL NV;WEBSITE;;;N/A;
18705450;AKZO NOBEL NV;ACTIVITY;;;N/A;
18709351;DIOR;COUNTRY;;;N/A;
18709351;DIOR;EMPLOYEES;;;N/A;
18709351;DIOR;TURNOVER;;;;
18709351;DIOR;ASSETS;;;;
18709351;DIOR;WEBSITE;;;N/A;
18709351;DIOR;ACTIVITY;;;N/A;
18712196;AMAZON;COUNTRY;;;N/A;
18712196;AMAZON;EMPLOYEES;;;N/A;
18712196;AMAZON;TURNOVER;;;;
18712196;AMAZON;ASSETS;;;;
18712196;AMAZON;WEBSITE;;;N/A;
18712196;AMAZON;ACTIVITY;;;N/A;
18715555;SONY GROUP CORPORATION;COUNTRY;;;N/A;
18715555;SONY GROUP CORPORATION;EMPLOYEES;;;N/A;
18715555;SONY GROUP CORPORATION;TURNOVER;;;;
18715555;SONY GROUP CORPORATION;ASSETS;;;;
18715555;SONY GROUP CORPORATION;WEBSITE;;;N/A;
18715555;SONY GROUP CORPORATION;ACTIVITY;;;N/A;
18718848;SONOVA;COUNTRY;;;N/A;
18718848;SONOVA;EMPLOYEES;;;N/A;
18718848;SONOVA;TURNOVER;;;;
18718848;SONOVA;ASSETS;;;;
18718848;SONOVA;WEBSITE;;;N/A;
18718848;SONOVA;ACTIVITY;;;N/A;
18731292;IKEA;COUNTRY;;;N/A;
18731292;IKEA;EMPLOYEES;;;N/A;
18731292;IKEA;TURNOVER;;;;
18731292;IKEA;ASSETS;;;;
18731292;IKEA;WEBSITE;;;N/A;
18731292;IKEA;ACTIVITY;;;N/A;
18736044;SECURITAS AB;COUNTRY;;;N/A;
18736044;SECURITAS AB;EMPLOYEES;;;N/A;
18736044;SECURITAS AB;TURNOVER;;;;
18736044;SECURITAS AB;ASSETS;;;;
18736044;SECURITAS AB;WEBSITE;;;N/A;
18736044;SECURITAS AB;ACTIVITY;;;N/A;
18742207;AIRBUS SE;COUNTRY;;;N/A;
18742207;AIRBUS SE;EMPLOYEES;;;N/A;
18742207;AIRBUS SE;TURNOVER;;;;
18742207;AIRBUS SE;ASSETS;;;;
18742207;AIRBUS SE;WEBSITE;;;N/A;
18742207;AIRBUS SE;ACTIVITY;;;N/A;
18745703;ETEX;COUNTRY;;;N/A;
18745703;ETEX;EMPLOYEES;;;N/A;
18745703;ETEX;TURNOVER;;;;
18745703;ETEX;ASSETS;;;;
18745703;ETEX;WEBSITE;;;N/A;
18745703;ETEX;ACTIVITY;;;N/A;
18748693;SIEMENS;COUNTRY;;;N/A;
18748693;SIEMENS;EMPLOYEES;;;N/A;
18748693;SIEMENS;TURNOVER;;;;
18748693;SIEMENS;ASSETS;;;;
18748693;SIEMENS;WEBSITE;;;N/A;
18748693;SIEMENS;ACTIVITY;;;N/A;
18754669;VODAFONE GROUP PLC;COUNTRY;;;N/A;
18754669;VODAFONE GROUP PLC;EMPLOYEES;;;N/A;
18754669;VODAFONE GROUP PLC;TURNOVER;;;;
18754669;VODAFONE GROUP PLC;ASSETS;;;;
18754669;VODAFONE GROUP PLC;WEBSITE;;;N/A;
18754669;VODAFONE GROUP PLC;ACTIVITY;;;N/A;
18755204;HBIS GROUP CO. LTD.;COUNTRY;;;N/A;
18755204;HBIS GROUP CO. LTD.;EMPLOYEES;;;N/A;
18755204;HBIS GROUP CO. LTD.;TURNOVER;;;;
18755204;HBIS GROUP CO. LTD.;ASSETS;;;;
18755204;HBIS GROUP CO. LTD.;WEBSITE;;;N/A;
18755204;HBIS GROUP CO. LTD.;ACTIVITY;;;N/A;
18761094;MOL HUNGARIAN OIL AND GAS;COUNTRY;;;N/A;
18761094;MOL HUNGARIAN OIL AND GAS;EMPLOYEES;;;N/A;
18761094;MOL HUNGARIAN OIL AND GAS;TURNOVER;;;;
18761094;MOL HUNGARIAN OIL AND GAS;ASSETS;;;;
18761094;MOL HUNGARIAN OIL AND GAS;WEBSITE;;;N/A;
18761094;MOL HUNGARIAN OIL AND GAS;ACTIVITY;;;N/A;
18763081;DSV A/S;COUNTRY;;;N/A;
18763081;DSV A/S;EMPLOYEES;;;N/A;
18763081;DSV A/S;TURNOVER;;;;
18763081;DSV A/S;ASSETS;;;;
18763081;DSV A/S;WEBSITE;;;N/A;
18763081;DSV A/S;ACTIVITY;;;N/A;
18767600;KRONES;COUNTRY;;;N/A;
18767600;KRONES;EMPLOYEES;;;N/A;
18767600;KRONES;TURNOVER;;;;
18767600;KRONES;ASSETS;;;;
18767600;KRONES;WEBSITE;;;N/A;
18767600;KRONES;ACTIVITY;;;N/A;
18773773;KONECRANES;COUNTRY;;;N/A;
18773773;KONECRANES;EMPLOYEES;;;N/A;
18773773;KONECRANES;TURNOVER;;;;
18773773;KONECRANES;ASSETS;;;;
18773773;KONECRANES;WEBSITE;;;N/A;
18773773;KONECRANES;ACTIVITY;;;N/A;
18774479;SANDVIK AKTIEBOLAG;COUNTRY;;;N/A;
18774479;SANDVIK AKTIEBOLAG;EMPLOYEES;;;N/A;
18774479;SANDVIK AKTIEBOLAG;TURNOVER;;;;
18774479;SANDVIK AKTIEBOLAG;ASSETS;;;;
18774479;SANDVIK AKTIEBOLAG;WEBSITE;;;N/A;
18774479;SANDVIK AKTIEBOLAG;ACTIVITY;;;N/A;
18774712;SKANSKA AB;COUNTRY;;;N/A;
18774712;SKANSKA AB;EMPLOYEES;;;N/A;
18774712;SKANSKA AB;TURNOVER;;;;
18774712;SKANSKA AB;ASSETS;;;;
18774712;SKANSKA AB;WEBSITE;;;N/A;
18774712;SKANSKA AB;ACTIVITY;;;N/A;
18774867;SANOFI;COUNTRY;;;N/A;
18774867;SANOFI;EMPLOYEES;;;N/A;
18774867;SANOFI;TURNOVER;;;;
18774867;SANOFI;ASSETS;;;;
18774867;SANOFI;WEBSITE;;;N/A;
18774867;SANOFI;ACTIVITY;;;N/A;
18778752;WURTH;COUNTRY;;;N/A;
18778752;WURTH;EMPLOYEES;;;N/A;
18778752;WURTH;TURNOVER;;;;
18778752;WURTH;ASSETS;;;;
18778752;WURTH;WEBSITE;;;N/A;
18778752;WURTH;ACTIVITY;;;N/A;
18784770;AKTIEBOLAGET VOLVO;COUNTRY;;;N/A;
18784770;AKTIEBOLAGET VOLVO;EMPLOYEES;;;N/A;
18784770;AKTIEBOLAGET VOLVO;TURNOVER;;;;
18784770;AKTIEBOLAGET VOLVO;ASSETS;;;;
18784770;AKTIEBOLAGET VOLVO;WEBSITE;;;N/A;
18784770;AKTIEBOLAGET VOLVO;ACTIVITY;;;N/A;
18796310;TOTALENERGIES SE;COUNTRY;;;N/A;
18796310;TOTALENERGIES SE;EMPLOYEES;;;N/A;
18796310;TOTALENERGIES SE;TURNOVER;;;;
18796310;TOTALENERGIES SE;ASSETS;;;;
18796310;TOTALENERGIES SE;WEBSITE;;;N/A;
18796310;TOTALENERGIES SE;ACTIVITY;;;N/A;
18802249;BRITISH AMERICAN TOBACCO PLC;COUNTRY;;;N/A;
18802249;BRITISH AMERICAN TOBACCO PLC;EMPLOYEES;;;N/A;
18802249;BRITISH AMERICAN TOBACCO PLC;TURNOVER;;;;
18802249;BRITISH AMERICAN TOBACCO PLC;ASSETS;;;;
18802249;BRITISH AMERICAN TOBACCO PLC;WEBSITE;;;N/A;
18802249;BRITISH AMERICAN TOBACCO PLC;ACTIVITY;;;N/A;
18803013;NIPPON STEEL CORPORATION;COUNTRY;;;N/A;
18803013;NIPPON STEEL CORPORATION;EMPLOYEES;;;N/A;
18803013;NIPPON STEEL CORPORATION;TURNOVER;;;;
18803013;NIPPON STEEL CORPORATION;ASSETS;;;;
18803013;NIPPON STEEL CORPORATION;WEBSITE;;;N/A;
18803013;NIPPON STEEL CORPORATION;ACTIVITY;;;N/A;
18805524;KONINKLIJKE AHOLD DELHAIZE NV;COUNTRY;;;N/A;
18805524;KONINKLIJKE AHOLD DELHAIZE NV;EMPLOYEES;;;N/A;
18805524;KONINKLIJKE AHOLD DELHAIZE NV;TURNOVER;;;;
18805524;KONINKLIJKE AHOLD DELHAIZE NV;ASSETS;;;;
18805524;KONINKLIJKE AHOLD DELHAIZE NV;WEBSITE;;;N/A;
18805524;KONINKLIJKE AHOLD DELHAIZE NV;ACTIVITY;;;N/A;
18808977;PFIZER INC;COUNTRY;;;N/A;
18808977;PFIZER INC;EMPLOYEES;;;N/A;
18808977;PFIZER INC;TURNOVER;;;;
18808977;PFIZER INC;ASSETS;;;;
18808977;PFIZER INC;WEBSITE;;;N/A;
18808977;PFIZER INC;ACTIVITY;;;N/A;
18812865;COCA-COLA COMPANY (THE);COUNTRY;;;N/A;
18812865;COCA-COLA COMPANY (THE);EMPLOYEES;;;N/A;
18812865;COCA-COLA COMPANY (THE);TURNOVER;;;;
18812865;COCA-COLA COMPANY (THE);ASSETS;;;;
18812865;COCA-COLA COMPANY (THE);WEBSITE;;;N/A;
18812865;COCA-COLA COMPANY (THE);ACTIVITY;;;N/A;
18813820;CATERPILLAR INC;COUNTRY;;;N/A;
18813820;CATERPILLAR INC;EMPLOYEES;;;N/A;
18813820;CATERPILLAR INC;TURNOVER;;;;
18813820;CATERPILLAR INC;ASSETS;;;;
18813820;CATERPILLAR INC;WEBSITE;;;N/A;
18813820;CATERPILLAR INC;ACTIVITY;;;N/A;
18818179;HARTMANN;COUNTRY;;;N/A;
18818179;HARTMANN;EMPLOYEES;;;N/A;
18818179;HARTMANN;TURNOVER;;;;
18818179;HARTMANN;ASSETS;;;;
18818179;HARTMANN;WEBSITE;;;N/A;
18818179;HARTMANN;ACTIVITY;;;N/A;
18818842;IWG PLC;COUNTRY;;;N/A;
18818842;IWG PLC;EMPLOYEES;;;N/A;
18818842;IWG PLC;TURNOVER;;;;
18818842;IWG PLC;ASSETS;;;;
18818842;IWG PLC;WEBSITE;;;N/A;
18818842;IWG PLC;ACTIVITY;;;N/A;
18831586;SAP;COUNTRY;;;N/A;
18831586;SAP;EMPLOYEES;;;N/A;
18831586;SAP;TURNOVER;;;;
18831586;SAP;ASSETS;;;;
18831586;SAP;WEBSITE;;;N/A;
18831586;SAP;ACTIVITY;;;N/A;
18839233;ORKLA ASA;COUNTRY;;;N/A;
18839233;ORKLA ASA;EMPLOYEES;;;N/A;
18839233;ORKLA ASA;TURNOVER;;;;
18839233;ORKLA ASA;ASSETS;;;;
18839233;ORKLA ASA;WEBSITE;;;N/A;
18839233;ORKLA ASA;ACTIVITY;;;N/A;
18850720;ENEL SPA;COUNTRY;;;N/A;
18850720;ENEL SPA;EMPLOYEES;;;N/A;
18850720;ENEL SPA;TURNOVER;;;;
18850720;ENEL SPA;ASSETS;;;;
18850720;ENEL SPA;WEBSITE;;;N/A;
18850720;ENEL SPA;ACTIVITY;;;N/A;
18853782;SHV HOLDINGS NV;COUNTRY;;;N/A;
18853782;SHV HOLDINGS NV;EMPLOYEES;;;N/A;
18853782;SHV HOLDINGS NV;TURNOVER;;;;
18853782;SHV HOLDINGS NV;ASSETS;;;;
18853782;SHV HOLDINGS NV;WEBSITE;;;N/A;
18853782;SHV HOLDINGS NV;ACTIVITY;;;N/A;
18854880;BMW;COUNTRY;;;N/A;
18854880;BMW;EMPLOYEES;;;N/A;
18854880;BMW;TURNOVER;;;;
18854880;BMW;ASSETS;;;;
18854880;BMW;WEBSITE;;;N/A;
18854880;BMW;ACTIVITY;;;N/A;
18858533;THALES;COUNTRY;;;N/A;
18858533;THALES;EMPLOYEES;;;N/A;
18858533;THALES;TURNOVER;;;;
18858533;THALES;ASSETS;;;;
18858533;THALES;WEBSITE;;;N/A;
18858533;THALES;ACTIVITY;;;N/A;
18860034;SIGNIFY NV;COUNTRY;;;N/A;
18860034;SIGNIFY NV;EMPLOYEES;;;N/A;
18860034;SIGNIFY NV;TURNOVER;;;;
18860034;SIGNIFY NV;ASSETS;;;;
18860034;SIGNIFY NV;WEBSITE;;;N/A;
18860034;SIGNIFY NV;ACTIVITY;;;N/A;
18864084;3I GROUP PLC;COUNTRY;;;N/A;
18864084;3I GROUP PLC;EMPLOYEES;;;N/A;
18864084;3I GROUP PLC;TURNOVER;;;;
18864084;3I GROUP PLC;ASSETS;;;;
18864084;3I GROUP PLC;WEBSITE;;;N/A;
18864084;3I GROUP PLC;ACTIVITY;;;N/A;
18876900;BAYER;COUNTRY;;;N/A;
18876900;BAYER;EMPLOYEES;;;N/A;
18876900;BAYER;TURNOVER;;;;
18876900;BAYER;ASSETS;;;;
18876900;BAYER;WEBSITE;;;N/A;
18876900;BAYER;ACTIVITY;;;N/A;
18877286;AKTIEBOLAGET ELECTROLUX;COUNTRY;;;N/A;
18877286;AKTIEBOLAGET ELECTROLUX;EMPLOYEES;;;N/A;
18877286;AKTIEBOLAGET ELECTROLUX;TURNOVER;;;;
18877286;AKTIEBOLAGET ELECTROLUX;ASSETS;;;;
18877286;AKTIEBOLAGET ELECTROLUX;WEBSITE;;;N/A;
18877286;AKTIEBOLAGET ELECTROLUX;ACTIVITY;;;N/A;
18886469;VEOLIA ENVIRONNEMENT;COUNTRY;;;N/A;
18886469;VEOLIA ENVIRONNEMENT;EMPLOYEES;;;N/A;
18886469;VEOLIA ENVIRONNEMENT;TURNOVER;;;;
18886469;VEOLIA ENVIRONNEMENT;ASSETS;;;;
18886469;VEOLIA ENVIRONNEMENT;WEBSITE;;;N/A;
18886469;VEOLIA ENVIRONNEMENT;ACTIVITY;;;N/A;
18898974;TUI;COUNTRY;;;N/A;
18898974;TUI;EMPLOYEES;;;N/A;
18898974;TUI;TURNOVER;;;;
18898974;TUI;ASSETS;;;;
18898974;TUI;WEBSITE;;;N/A;
18898974;TUI;ACTIVITY;;;N/A;
18901386;ASSA ABLOY AB;COUNTRY;;;N/A;
18901386;ASSA ABLOY AB;EMPLOYEES;;;N/A;
18901386;ASSA ABLOY AB;TURNOVER;;;;
18901386;ASSA ABLOY AB;ASSETS;;;;
18901386;ASSA ABLOY AB;WEBSITE;;;N/A;
18901386;ASSA ABLOY AB;ACTIVITY;;;N/A;
18908258;RANDSTAD NV;COUNTRY;;;N/A;
18908258;RANDSTAD NV;EMPLOYEES;;;N/A;
18908258;RANDSTAD NV;TURNOVER;;;;
18908258;RANDSTAD NV;ASSETS;;;;
18908258;RANDSTAD NV;WEBSITE;;;N/A;
18908258;RANDSTAD NV;ACTIVITY;;;N/A;
18918108;NV BEKAERT SA;COUNTRY;;;N/A;
18918108;NV BEKAERT SA;EMPLOYEES;;;N/A;
18918108;NV BEKAERT SA;TURNOVER;;;;
18918108;NV BEKAERT SA;ASSETS;;;;
18918108;NV BEKAERT SA;WEBSITE;;;N/A;
18918108;NV BEKAERT SA;ACTIVITY;;;N/A;
18919705;MANPOWERGROUP INC.;COUNTRY;;;N/A;
18919705;MANPOWERGROUP INC.;EMPLOYEES;;;N/A;
18919705;MANPOWERGROUP INC.;TURNOVER;;;;
18919705;MANPOWERGROUP INC.;ASSETS;;;;
18919705;MANPOWERGROUP INC.;WEBSITE;;;N/A;
18919705;MANPOWERGROUP INC.;ACTIVITY;;;N/A;
18928008;PARAMOUNT GLOBAL;COUNTRY;;;N/A;
18928008;PARAMOUNT GLOBAL;EMPLOYEES;;;N/A;
18928008;PARAMOUNT GLOBAL;TURNOVER;;;;
18928008;PARAMOUNT GLOBAL;ASSETS;;;;
18928008;PARAMOUNT GLOBAL;WEBSITE;;;N/A;
18928008;PARAMOUNT GLOBAL;ACTIVITY;;;N/A;
18930611;GLENCORE PLC;COUNTRY;;;N/A;
18930611;GLENCORE PLC;EMPLOYEES;;;N/A;
18930611;GLENCORE PLC;TURNOVER;;;;
18930611;GLENCORE PLC;ASSETS;;;;
18930611;GLENCORE PLC;WEBSITE;;;N/A;
18930611;GLENCORE PLC;ACTIVITY;;;N/A;
18931004;DEUTSCHE LUFTHANSA;COUNTRY;;;N/A;
18931004;DEUTSCHE LUFTHANSA;EMPLOYEES;;;N/A;
18931004;DEUTSCHE LUFTHANSA;TURNOVER;;;;
18931004;DEUTSCHE LUFTHANSA;ASSETS;;;;
18931004;DEUTSCHE LUFTHANSA;WEBSITE;;;N/A;
18931004;DEUTSCHE LUFTHANSA;ACTIVITY;;;N/A;
18935271;TELEFONAKTIEBOLAGET LM ERICSSON;COUNTRY;;;N/A;
18935271;TELEFONAKTIEBOLAGET LM ERICSSON;EMPLOYEES;;;N/A;
18935271;TELEFONAKTIEBOLAGET LM ERICSSON;TURNOVER;;;;
18935271;TELEFONAKTIEBOLAGET LM ERICSSON;ASSETS;;;;
18935271;TELEFONAKTIEBOLAGET LM ERICSSON;WEBSITE;;;N/A;
18935271;TELEFONAKTIEBOLAGET LM ERICSSON;ACTIVITY;;;N/A;
18940840;ABB LTD;COUNTRY;;;N/A;
18940840;ABB LTD;EMPLOYEES;;;N/A;
18940840;ABB LTD;TURNOVER;;;;
18940840;ABB LTD;ASSETS;;;;
18940840;ABB LTD;WEBSITE;;;N/A;
18940840;ABB LTD;ACTIVITY;;;N/A;
18942704;HP INC.;COUNTRY;;;N/A;
18942704;HP INC.;EMPLOYEES;;;N/A;
18942704;HP INC.;TURNOVER;;;;
18942704;HP INC.;ASSETS;;;;
18942704;HP INC.;WEBSITE;;;N/A;
18942704;HP INC.;ACTIVITY;;;N/A;
18947387;CAPGEMINI;COUNTRY;;;N/A;
18947387;CAPGEMINI;EMPLOYEES;;;N/A;
18947387;CAPGEMINI;TURNOVER;;;;
18947387;CAPGEMINI;ASSETS;;;;
18947387;CAPGEMINI;WEBSITE;;;N/A;
18947387;CAPGEMINI;ACTIVITY;;;N/A;
18953431;MERCK GROUP;COUNTRY;;;N/A;
18953431;MERCK GROUP;EMPLOYEES;;;N/A;
18953431;MERCK GROUP;TURNOVER;;;;
18953431;MERCK GROUP;ASSETS;;;;
18953431;MERCK GROUP;WEBSITE;;;N/A;
18953431;MERCK GROUP;ACTIVITY;;;N/A;
18953450;BPOST;COUNTRY;;;N/A;
18953450;BPOST;EMPLOYEES;;;N/A;
18953450;BPOST;TURNOVER;;;;
18953450;BPOST;ASSETS;;;;
18953450;BPOST;WEBSITE;;;N/A;
18953450;BPOST;ACTIVITY;;;N/A;
18957222;SYNLAB;COUNTRY;;;N/A;
18957222;SYNLAB;EMPLOYEES;;;N/A;
18957222;SYNLAB;TURNOVER;;;;
18957222;SYNLAB;ASSETS;;;;
18957222;SYNLAB;WEBSITE;;;N/A;
18957222;SYNLAB;ACTIVITY;;;N/A;
18959709;L AIR LIQUIDE;COUNTRY;;;N/A;
18959709;L AIR LIQUIDE;EMPLOYEES;;;N/A;
18959709;L AIR LIQUIDE;TURNOVER;;;;
18959709;L AIR LIQUIDE;ASSETS;;;;
18959709;L AIR LIQUIDE;WEBSITE;;;N/A;
18959709;L AIR LIQUIDE;ACTIVITY;;;N/A;
18959832;MOEVE;COUNTRY;;;N/A;
18959832;MOEVE;EMPLOYEES;;;N/A;
18959832;MOEVE;TURNOVER;;;;
18959832;MOEVE;ASSETS;;;;
18959832;MOEVE;WEBSITE;;;N/A;
18959832;MOEVE;ACTIVITY;;;N/A;
18967691;GOODYEAR TIRE & RUBBER CO;COUNTRY;;;N/A;
18967691;GOODYEAR TIRE & RUBBER CO;EMPLOYEES;;;N/A;
18967691;GOODYEAR TIRE & RUBBER CO;TURNOVER;;;;
18967691;GOODYEAR TIRE & RUBBER CO;ASSETS;;;;
18967691;GOODYEAR TIRE & RUBBER CO;WEBSITE;;;N/A;
18967691;GOODYEAR TIRE & RUBBER CO;ACTIVITY;;;N/A;
18970979;BROOKFIELD CORPORATION;COUNTRY;;;N/A;
18970979;BROOKFIELD CORPORATION;EMPLOYEES;;;N/A;
18970979;BROOKFIELD CORPORATION;TURNOVER;;;;
18970979;BROOKFIELD CORPORATION;ASSETS;;;;
18970979;BROOKFIELD CORPORATION;WEBSITE;;;N/A;
18970979;BROOKFIELD CORPORATION;ACTIVITY;;;N/A;
18974095;UMICORE;COUNTRY;;;N/A;
18974095;UMICORE;EMPLOYEES;;;N/A;
18974095;UMICORE;TURNOVER;;;;
18974095;UMICORE;ASSETS;;;;
18974095;UMICORE;WEBSITE;;;N/A;
18974095;UMICORE;ACTIVITY;;;N/A;
18976475;KONE;COUNTRY;;;N/A;
18976475;KONE;EMPLOYEES;;;N/A;
18976475;KONE;TURNOVER;;;;
18976475;KONE;ASSETS;;;;
18976475;KONE;WEBSITE;;;N/A;
18976475;KONE;ACTIVITY;;;N/A;
18980415;MICROSOFT CORPORATION;COUNTRY;;;N/A;
18980415;MICROSOFT CORPORATION;EMPLOYEES;;;N/A;
18980415;MICROSOFT CORPORATION;TURNOVER;;;;
18980415;MICROSOFT CORPORATION;ASSETS;;;;
18980415;MICROSOFT CORPORATION;WEBSITE;;;N/A;
18980415;MICROSOFT CORPORATION;ACTIVITY;;;N/A;
18981199;GSK PLC;COUNTRY;;;N/A;
18981199;GSK PLC;EMPLOYEES;;;N/A;
18981199;GSK PLC;TURNOVER;;;;
18981199;GSK PLC;ASSETS;;;;
18981199;GSK PLC;WEBSITE;;;N/A;
18981199;GSK PLC;ACTIVITY;;;N/A;
18984365;NOKIA;COUNTRY;;;N/A;
18984365;NOKIA;EMPLOYEES;;;N/A;
18984365;NOKIA;TURNOVER;;;;
18984365;NOKIA;ASSETS;;;;
18984365;NOKIA;WEBSITE;;;N/A;
18984365;NOKIA;ACTIVITY;;;N/A;
18984744;MONDELEZ INTERNATIONAL INC.;COUNTRY;;;N/A;
18984744;MONDELEZ INTERNATIONAL INC.;EMPLOYEES;;;N/A;
18984744;MONDELEZ INTERNATIONAL INC.;TURNOVER;;;;
18984744;MONDELEZ INTERNATIONAL INC.;ASSETS;;;;
18984744;MONDELEZ INTERNATIONAL INC.;WEBSITE;;;N/A;
18984744;MONDELEZ INTERNATIONAL INC.;ACTIVITY;;;N/A;
18986164;TELEFONICA;COUNTRY;;;N/A;
18986164;TELEFONICA;EMPLOYEES;;;N/A;
18986164;TELEFONICA;TURNOVER;;;;
18986164;TELEFONICA;ASSETS;;;;
18986164;TELEFONICA;WEBSITE;;;N/A;
18986164;TELEFONICA;ACTIVITY;;;N/A;
18987927;ENI S P A;COUNTRY;;;N/A;
18987927;ENI S P A;EMPLOYEES;;;N/A;
18987927;ENI S P A;TURNOVER;;;;
18987927;ENI S P A;ASSETS;;;;
18987927;ENI S P A;WEBSITE;;;N/A;
18987927;ENI S P A;ACTIVITY;;;N/A;
18988574;ARCELORMITTAL;COUNTRY;;;N/A;
18988574;ARCELORMITTAL;EMPLOYEES;;;N/A;
18988574;ARCELORMITTAL;TURNOVER;;;;
18988574;ARCELORMITTAL;ASSETS;;;;
18988574;ARCELORMITTAL;WEBSITE;;;N/A;
18988574;ARCELORMITTAL;ACTIVITY;;;N/A;
18990015;HEIDELBERGCEMENT;COUNTRY;;;N/A;
18990015;HEIDELBERGCEMENT;EMPLOYEES;;;N/A;
18990015;HEIDELBERGCEMENT;TURNOVER;;;;
18990015;HEIDELBERGCEMENT;ASSETS;;;;
18990015;HEIDELBERGCEMENT;WEBSITE;;;N/A;
18990015;HEIDELBERGCEMENT;ACTIVITY;;;N/A;
18990928;INTERNATIONAL BUSINESS MACHINES CORP(IBM);COUNTRY;;;N/A;
18990928;INTERNATIONAL BUSINESS MACHINES CORP(IBM);EMPLOYEES;;;N/A;
18990928;INTERNATIONAL BUSINESS MACHINES CORP(IBM);TURNOVER;;;;
18990928;INTERNATIONAL BUSINESS MACHINES CORP(IBM);ASSETS;;;;
18990928;INTERNATIONAL BUSINESS MACHINES CORP(IBM);WEBSITE;;;N/A;
18990928;INTERNATIONAL BUSINESS MACHINES CORP(IBM);ACTIVITY;;;N/A;
18997891;MEDTRONIC PLC;COUNTRY;;;N/A;
18997891;MEDTRONIC PLC;EMPLOYEES;;;N/A;
18997891;MEDTRONIC PLC;TURNOVER;;;;
18997891;MEDTRONIC PLC;ASSETS;;;;
18997891;MEDTRONIC PLC;WEBSITE;;;N/A;
18997891;MEDTRONIC PLC;ACTIVITY;;;N/A;
19004631;NESTLE S.A.;COUNTRY;;;N/A;
19004631;NESTLE S.A.;EMPLOYEES;;;N/A;
19004631;NESTLE S.A.;TURNOVER;;;;
19004631;NESTLE S.A.;ASSETS;;;;
19004631;NESTLE S.A.;WEBSITE;;;N/A;
19004631;NESTLE S.A.;ACTIVITY;;;N/A;
19011564;SODIM;COUNTRY;;;N/A;
19011564;SODIM;EMPLOYEES;;;N/A;
19011564;SODIM;TURNOVER;;;;
19011564;SODIM;ASSETS;;;;
19011564;SODIM;WEBSITE;;;N/A;
19011564;SODIM;ACTIVITY;;;N/A;
19013259;META PLATFORMS INC.;COUNTRY;;;N/A;
19013259;META PLATFORMS INC.;EMPLOYEES;;;N/A;
19013259;META PLATFORMS INC.;TURNOVER;;;;
19013259;META PLATFORMS INC.;ASSETS;;;;
19013259;META PLATFORMS INC.;WEBSITE;;;N/A;
19013259;META PLATFORMS INC.;ACTIVITY;;;N/A;
19017221;NOVOMATIC GROUP;COUNTRY;;;N/A;
19017221;NOVOMATIC GROUP;EMPLOYEES;;;N/A;
19017221;NOVOMATIC GROUP;TURNOVER;;;;
19017221;NOVOMATIC GROUP;ASSETS;;;;
19017221;NOVOMATIC GROUP;WEBSITE;;;N/A;
19017221;NOVOMATIC GROUP;ACTIVITY;;;N/A;
19019578;HUSQVARNA AB;COUNTRY;;;N/A;
19019578;HUSQVARNA AB;EMPLOYEES;;;N/A;
19019578;HUSQVARNA AB;TURNOVER;;;;
19019578;HUSQVARNA AB;ASSETS;;;;
19019578;HUSQVARNA AB;WEBSITE;;;N/A;
19019578;HUSQVARNA AB;ACTIVITY;;;N/A;
19031780;WALT DISNEY COMPANY (THE);COUNTRY;;;N/A;
19031780;WALT DISNEY COMPANY (THE);EMPLOYEES;;;N/A;
19031780;WALT DISNEY COMPANY (THE);TURNOVER;;;;
19031780;WALT DISNEY COMPANY (THE);ASSETS;;;;
19031780;WALT DISNEY COMPANY (THE);WEBSITE;;;N/A;
19031780;WALT DISNEY COMPANY (THE);ACTIVITY;;;N/A;
19032544;RETHMANN;COUNTRY;;;N/A;
19032544;RETHMANN;EMPLOYEES;;;N/A;
19032544;RETHMANN;TURNOVER;;;;
19032544;RETHMANN;ASSETS;;;;
19032544;RETHMANN;WEBSITE;;;N/A;
19032544;RETHMANN;ACTIVITY;;;N/A;
19032847;MITSUI & CO LTD;COUNTRY;;;N/A;
19032847;MITSUI & CO LTD;EMPLOYEES;;;N/A;
19032847;MITSUI & CO LTD;TURNOVER;;;;
19032847;MITSUI & CO LTD;ASSETS;;;;
19032847;MITSUI & CO LTD;WEBSITE;;;N/A;
19032847;MITSUI & CO LTD;ACTIVITY;;;N/A;
19037620;JBS S.A.;COUNTRY;;;N/A;
19037620;JBS S.A.;EMPLOYEES;;;N/A;
19037620;JBS S.A.;TURNOVER;;;;
19037620;JBS S.A.;ASSETS;;;;
19037620;JBS S.A.;WEBSITE;;;N/A;
19037620;JBS S.A.;ACTIVITY;;;N/A;
19037648;H & M HENNES & MAURITZ;COUNTRY;;;N/A;
19037648;H & M HENNES & MAURITZ;EMPLOYEES;;;N/A;
19037648;H & M HENNES & MAURITZ;TURNOVER;;;;
19037648;H & M HENNES & MAURITZ;ASSETS;;;;
19037648;H & M HENNES & MAURITZ;WEBSITE;;;N/A;
19037648;H & M HENNES & MAURITZ;ACTIVITY;;;N/A;
19041196;MERCEDES-BENZ GROUP;COUNTRY;;;N/A;
19041196;MERCEDES-BENZ GROUP;EMPLOYEES;;;N/A;
19041196;MERCEDES-BENZ GROUP;TURNOVER;;;;
19041196;MERCEDES-BENZ GROUP;ASSETS;;;;
19041196;MERCEDES-BENZ GROUP;WEBSITE;;;N/A;
19041196;MERCEDES-BENZ GROUP;ACTIVITY;;;N/A;
19041914;PEPSICO INC;COUNTRY;;;N/A;
19041914;PEPSICO INC;EMPLOYEES;;;N/A;
19041914;PEPSICO INC;TURNOVER;;;;
19041914;PEPSICO INC;ASSETS;;;;
19041914;PEPSICO INC;WEBSITE;;;N/A;
19041914;PEPSICO INC;ACTIVITY;;;N/A;
19042061;COMPASS GROUP PLC;COUNTRY;;;N/A;
19042061;COMPASS GROUP PLC;EMPLOYEES;;;N/A;
19042061;COMPASS GROUP PLC;TURNOVER;;;;
19042061;COMPASS GROUP PLC;ASSETS;;;;
19042061;COMPASS GROUP PLC;WEBSITE;;;N/A;
19042061;COMPASS GROUP PLC;ACTIVITY;;;N/A;
19044103;ATOS SE;COUNTRY;;;N/A;
19044103;ATOS SE;EMPLOYEES;;;N/A;
19044103;ATOS SE;TURNOVER;;;;
19044103;ATOS SE;ASSETS;;;;
19044103;ATOS SE;WEBSITE;;;N/A;
19044103;ATOS SE;ACTIVITY;;;N/A;
19044732;VOLKSWAGEN;COUNTRY;;;N/A;
19044732;VOLKSWAGEN;EMPLOYEES;;;N/A;
19044732;VOLKSWAGEN;TURNOVER;;;;
19044732;VOLKSWAGEN;ASSETS;;;;
19044732;VOLKSWAGEN;WEBSITE;;;N/A;
19044732;VOLKSWAGEN;ACTIVITY;;;N/A;
19045186;TOYOTA MOTOR CORPORATION;COUNTRY;;;N/A;
19045186;TOYOTA MOTOR CORPORATION;EMPLOYEES;;;N/A;
19045186;TOYOTA MOTOR CORPORATION;TURNOVER;;;;
19045186;TOYOTA MOTOR CORPORATION;ASSETS;;;;
19045186;TOYOTA MOTOR CORPORATION;WEBSITE;;;N/A;
19045186;TOYOTA MOTOR CORPORATION;ACTIVITY;;;N/A;
19050011;DEUTSCHE TELEKOM;COUNTRY;;;N/A;
19050011;DEUTSCHE TELEKOM;EMPLOYEES;;;N/A;
19050011;DEUTSCHE TELEKOM;TURNOVER;;;;
19050011;DEUTSCHE TELEKOM;ASSETS;;;;
19050011;DEUTSCHE TELEKOM;WEBSITE;;;N/A;
19050011;DEUTSCHE TELEKOM;ACTIVITY;;;N/A;
19050406;ITOCHU CORPORATION;COUNTRY;;;N/A;
19050406;ITOCHU CORPORATION;EMPLOYEES;;;N/A;
19050406;ITOCHU CORPORATION;TURNOVER;;;;
19050406;ITOCHU CORPORATION;ASSETS;;;;
19050406;ITOCHU CORPORATION;WEBSITE;;;N/A;
19050406;ITOCHU CORPORATION;ACTIVITY;;;N/A;
19052995;ALSTOM;COUNTRY;;;N/A;
19052995;ALSTOM;EMPLOYEES;;;N/A;
19052995;ALSTOM;TURNOVER;;;;
19052995;ALSTOM;ASSETS;;;;
19052995;ALSTOM;WEBSITE;;;N/A;
19052995;ALSTOM;ACTIVITY;;;N/A;
19053695;DANONE;COUNTRY;;;N/A;
19053695;DANONE;EMPLOYEES;;;N/A;
19053695;DANONE;TURNOVER;;;;
19053695;DANONE;ASSETS;;;;
19053695;DANONE;WEBSITE;;;N/A;
19053695;DANONE;ACTIVITY;;;N/A;
19057037;THERMO FISHER SCIENTIFIC INC.;COUNTRY;;;N/A;
19057037;THERMO FISHER SCIENTIFIC INC.;EMPLOYEES;;;N/A;
19057037;THERMO FISHER SCIENTIFIC INC.;TURNOVER;;;;
19057037;THERMO FISHER SCIENTIFIC INC.;ASSETS;;;;
19057037;THERMO FISHER SCIENTIFIC INC.;WEBSITE;;;N/A;
19057037;THERMO FISHER SCIENTIFIC INC.;ACTIVITY;;;N/A;
19060705;NIPPON TELEGRAPH AND TELEPHONE CORPORATION;COUNTRY;;;N/A;
19060705;NIPPON TELEGRAPH AND TELEPHONE CORPORATION;EMPLOYEES;;;N/A;
19060705;NIPPON TELEGRAPH AND TELEPHONE CORPORATION;TURNOVER;;;;
19060705;NIPPON TELEGRAPH AND TELEPHONE CORPORATION;ASSETS;;;;
19060705;NIPPON TELEGRAPH AND TELEPHONE CORPORATION;WEBSITE;;;N/A;
19060705;NIPPON TELEGRAPH AND TELEPHONE CORPORATION;ACTIVITY;;;N/A;
19061929;ZHEJIANG GEELY HOLDING GROUP CO LTD;COUNTRY;;;N/A;
19061929;ZHEJIANG GEELY HOLDING GROUP CO LTD;EMPLOYEES;;;N/A;
19061929;ZHEJIANG GEELY HOLDING GROUP CO LTD;TURNOVER;;;;
19061929;ZHEJIANG GEELY HOLDING GROUP CO LTD;ASSETS;;;;
19061929;ZHEJIANG GEELY HOLDING GROUP CO LTD;WEBSITE;;;N/A;
19061929;ZHEJIANG GEELY HOLDING GROUP CO LTD;ACTIVITY;;;N/A;
19063169;DEUTSCHE POST;COUNTRY;;;N/A;
19063169;DEUTSCHE POST;EMPLOYEES;;;N/A;
19063169;DEUTSCHE POST;TURNOVER;;;;
19063169;DEUTSCHE POST;ASSETS;;;;
19063169;DEUTSCHE POST;WEBSITE;;;N/A;
19063169;DEUTSCHE POST;ACTIVITY;;;N/A;
19063238;ACCENTURE PLC;COUNTRY;;;N/A;
19063238;ACCENTURE PLC;EMPLOYEES;;;N/A;
19063238;ACCENTURE PLC;TURNOVER;;;;
19063238;ACCENTURE PLC;ASSETS;;;;
19063238;ACCENTURE PLC;WEBSITE;;;N/A;
19063238;ACCENTURE PLC;ACTIVITY;;;N/A;
19071003;SCHAEFFLER;COUNTRY;;;N/A;
19071003;SCHAEFFLER;EMPLOYEES;;;N/A;
19071003;SCHAEFFLER;TURNOVER;;;;
19071003;SCHAEFFLER;ASSETS;;;;
19071003;SCHAEFFLER;WEBSITE;;;N/A;
19071003;SCHAEFFLER;ACTIVITY;;;N/A;
19078026;SINOCHEM;COUNTRY;;;N/A;
19078026;SINOCHEM;EMPLOYEES;;;N/A;
19078026;SINOCHEM;TURNOVER;;;;
19078026;SINOCHEM;ASSETS;;;;
19078026;SINOCHEM;WEBSITE;;;N/A;
19078026;SINOCHEM;ACTIVITY;;;N/A;
19078254;BOUYGUES;COUNTRY;;;N/A;
19078254;BOUYGUES;EMPLOYEES;;;N/A;
19078254;BOUYGUES;TURNOVER;;;;
19078254;BOUYGUES;ASSETS;;;;
19078254;BOUYGUES;WEBSITE;;;N/A;
19078254;BOUYGUES;ACTIVITY;;;N/A;
19081380;EDP;COUNTRY;;;N/A;
19081380;EDP;EMPLOYEES;;;N/A;
19081380;EDP;TURNOVER;;;;
19081380;EDP;ASSETS;;;;
19081380;EDP;WEBSITE;;;N/A;
19081380;EDP;ACTIVITY;;;N/A;
19089102;NOVARTIS AG;COUNTRY;;;N/A;
19089102;NOVARTIS AG;EMPLOYEES;;;N/A;
19089102;NOVARTIS AG;TURNOVER;;;;
19089102;NOVARTIS AG;ASSETS;;;;
19089102;NOVARTIS AG;WEBSITE;;;N/A;
19089102;NOVARTIS AG;ACTIVITY;;;N/A;
19098069;EXXON MOBIL CORP;COUNTRY;;;N/A;
19098069;EXXON MOBIL CORP;EMPLOYEES;;;N/A;
19098069;EXXON MOBIL CORP;TURNOVER;;;;
19098069;EXXON MOBIL CORP;ASSETS;;;;
19098069;EXXON MOBIL CORP;WEBSITE;;;N/A;
19098069;EXXON MOBIL CORP;ACTIVITY;;;N/A;
19098782;HENKEL KGAA;COUNTRY;;;N/A;
19098782;HENKEL KGAA;EMPLOYEES;;;N/A;
19098782;HENKEL KGAA;TURNOVER;;;;
19098782;HENKEL KGAA;ASSETS;;;;
19098782;HENKEL KGAA;WEBSITE;;;N/A;
19098782;HENKEL KGAA;ACTIVITY;;;N/A;
19103593;D IETEREN GROUP;COUNTRY;;;N/A;
19103593;D IETEREN GROUP;EMPLOYEES;;;N/A;
19103593;D IETEREN GROUP;TURNOVER;;;;
19103593;D IETEREN GROUP;ASSETS;;;;
19103593;D IETEREN GROUP;WEBSITE;;;N/A;
19103593;D IETEREN GROUP;ACTIVITY;;;N/A;
19106201;HEINEKEN;COUNTRY;;;N/A;
19106201;HEINEKEN;EMPLOYEES;;;N/A;
19106201;HEINEKEN;TURNOVER;;;;
19106201;HEINEKEN;ASSETS;;;;
19106201;HEINEKEN;WEBSITE;;;N/A;
19106201;HEINEKEN;ACTIVITY;;;N/A;
19112336;INDITEX;COUNTRY;;;N/A;
19112336;INDITEX;EMPLOYEES;;;N/A;
19112336;INDITEX;TURNOVER;;;;
19112336;INDITEX;ASSETS;;;;
19112336;INDITEX;WEBSITE;;;N/A;
19112336;INDITEX;ACTIVITY;;;N/A;
19118622;IBERDROLA;COUNTRY;;;N/A;
19118622;IBERDROLA;EMPLOYEES;;;N/A;
19118622;IBERDROLA;TURNOVER;;;;
19118622;IBERDROLA;ASSETS;;;;
19118622;IBERDROLA;WEBSITE;;;N/A;
19118622;IBERDROLA;ACTIVITY;;;N/A;
19143810;JOHN SWIRE & SONS LIMITED;COUNTRY;;;N/A;
19143810;JOHN SWIRE & SONS LIMITED;EMPLOYEES;;;N/A;
19143810;JOHN SWIRE & SONS LIMITED;TURNOVER;;;;
19143810;JOHN SWIRE & SONS LIMITED;ASSETS;;;;
19143810;JOHN SWIRE & SONS LIMITED;WEBSITE;;;N/A;
19143810;JOHN SWIRE & SONS LIMITED;ACTIVITY;;;N/A;
19145378;ESSITY;COUNTRY;;;N/A;
19145378;ESSITY;EMPLOYEES;;;N/A;
19145378;ESSITY;TURNOVER;;;;
19145378;ESSITY;ASSETS;;;;
19145378;ESSITY;WEBSITE;;;N/A;
19145378;ESSITY;ACTIVITY;;;N/A;
19149741;LEONARDO SOCIETA PER AZIONI;COUNTRY;;;N/A;
19149741;LEONARDO SOCIETA PER AZIONI;EMPLOYEES;;;N/A;
19149741;LEONARDO SOCIETA PER AZIONI;TURNOVER;;;;
19149741;LEONARDO SOCIETA PER AZIONI;ASSETS;;;;
19149741;LEONARDO SOCIETA PER AZIONI;WEBSITE;;;N/A;
19149741;LEONARDO SOCIETA PER AZIONI;ACTIVITY;;;N/A;
19157606;BOSCH;COUNTRY;;;N/A;
19157606;BOSCH;EMPLOYEES;;;N/A;
19157606;BOSCH;TURNOVER;;;;
19157606;BOSCH;ASSETS;;;;
19157606;BOSCH;WEBSITE;;;N/A;
19157606;BOSCH;ACTIVITY;;;N/A;
19159067;DELL TECHNOLOGIES INC.;COUNTRY;;;N/A;
19159067;DELL TECHNOLOGIES INC.;EMPLOYEES;;;N/A;
19159067;DELL TECHNOLOGIES INC.;TURNOVER;;;;
19159067;DELL TECHNOLOGIES INC.;ASSETS;;;;
19159067;DELL TECHNOLOGIES INC.;WEBSITE;;;N/A;
19159067;DELL TECHNOLOGIES INC.;ACTIVITY;;;N/A;
19159307;INTERTEK GROUP PLC;COUNTRY;;;N/A;
19159307;INTERTEK GROUP PLC;EMPLOYEES;;;N/A;
19159307;INTERTEK GROUP PLC;TURNOVER;;;;
19159307;INTERTEK GROUP PLC;ASSETS;;;;
19159307;INTERTEK GROUP PLC;WEBSITE;;;N/A;
19159307;INTERTEK GROUP PLC;ACTIVITY;;;N/A;
19174661;ESSILORLUXOTTICA;COUNTRY;;;N/A;
19174661;ESSILORLUXOTTICA;EMPLOYEES;;;N/A;
19174661;ESSILORLUXOTTICA;TURNOVER;;;;
19174661;ESSILORLUXOTTICA;ASSETS;;;;
19174661;ESSILORLUXOTTICA;WEBSITE;;;N/A;
19174661;ESSILORLUXOTTICA;ACTIVITY;;;N/A;
19187838;ALPHABET INC.;COUNTRY;;;N/A;
19187838;ALPHABET INC.;EMPLOYEES;;;N/A;
19187838;ALPHABET INC.;TURNOVER;;;;
19187838;ALPHABET INC.;ASSETS;;;;
19187838;ALPHABET INC.;WEBSITE;;;N/A;
19187838;ALPHABET INC.;ACTIVITY;;;N/A;
19191179;MARUBENI CORPORATION;COUNTRY;;;N/A;
19191179;MARUBENI CORPORATION;EMPLOYEES;;;N/A;
19191179;MARUBENI CORPORATION;TURNOVER;;;;
19191179;MARUBENI CORPORATION;ASSETS;;;;
19191179;MARUBENI CORPORATION;WEBSITE;;;N/A;
19191179;MARUBENI CORPORATION;ACTIVITY;;;N/A;
19191444;RELX PLC;COUNTRY;;;N/A;
19191444;RELX PLC;EMPLOYEES;;;N/A;
19191444;RELX PLC;TURNOVER;;;;
19191444;RELX PLC;ASSETS;;;;
19191444;RELX PLC;WEBSITE;;;N/A;
19191444;RELX PLC;ACTIVITY;;;N/A;
19191498;BOLLORE PARTICIPATIONS SE;COUNTRY;;;N/A;
19191498;BOLLORE PARTICIPATIONS SE;EMPLOYEES;;;N/A;
19191498;BOLLORE PARTICIPATIONS SE;TURNOVER;;;;
19191498;BOLLORE PARTICIPATIONS SE;ASSETS;;;;
19191498;BOLLORE PARTICIPATIONS SE;WEBSITE;;;N/A;
19191498;BOLLORE PARTICIPATIONS SE;ACTIVITY;;;N/A;
19192598;JOHNSON & JOHNSON;COUNTRY;;;N/A;
19192598;JOHNSON & JOHNSON;EMPLOYEES;;;N/A;
19192598;JOHNSON & JOHNSON;TURNOVER;;;;
19192598;JOHNSON & JOHNSON;ASSETS;;;;
19192598;JOHNSON & JOHNSON;WEBSITE;;;N/A;
19192598;JOHNSON & JOHNSON;ACTIVITY;;;N/A;
19196807;CARREFOUR;COUNTRY;;;N/A;
19196807;CARREFOUR;EMPLOYEES;;;N/A;
19196807;CARREFOUR;TURNOVER;;;;
19196807;CARREFOUR;ASSETS;;;;
19196807;CARREFOUR;WEBSITE;;;N/A;
19196807;CARREFOUR;ACTIVITY;;;N/A;
19201457;ALFA LAVAL AB;COUNTRY;;;N/A;
19201457;ALFA LAVAL AB;EMPLOYEES;;;N/A;
19201457;ALFA LAVAL AB;TURNOVER;;;;
19201457;ALFA LAVAL AB;ASSETS;;;;
19201457;ALFA LAVAL AB;WEBSITE;;;N/A;
19201457;ALFA LAVAL AB;ACTIVITY;;;N/A;
19206259;SGS;COUNTRY;;;N/A;
19206259;SGS;EMPLOYEES;;;N/A;
19206259;SGS;TURNOVER;;;;
19206259;SGS;ASSETS;;;;
19206259;SGS;WEBSITE;;;N/A;
19206259;SGS;ACTIVITY;;;N/A;
19216371;COMPAGNIE GENERALE DES ETABLISSEMENTS MICHELIN;COUNTRY;;;N/A;
19216371;COMPAGNIE GENERALE DES ETABLISSEMENTS MICHELIN;EMPLOYEES;;;N/A;
19216371;COMPAGNIE GENERALE DES ETABLISSEMENTS MICHELIN;TURNOVER;;;;
19216371;COMPAGNIE GENERALE DES ETABLISSEMENTS MICHELIN;ASSETS;;;;
19216371;COMPAGNIE GENERALE DES ETABLISSEMENTS MICHELIN;WEBSITE;;;N/A;
19216371;COMPAGNIE GENERALE DES ETABLISSEMENTS MICHELIN;ACTIVITY;;;N/A;
19217026;HITACHI LTD;COUNTRY;;;N/A;
19217026;HITACHI LTD;EMPLOYEES;;;N/A;
19217026;HITACHI LTD;TURNOVER;;;;
19217026;HITACHI LTD;ASSETS;;;;
19217026;HITACHI LTD;WEBSITE;;;N/A;
19217026;HITACHI LTD;ACTIVITY;;;N/A;
19226059;HOLCIM AG;COUNTRY;;;N/A;
19226059;HOLCIM AG;EMPLOYEES;;;N/A;
19226059;HOLCIM AG;TURNOVER;;;;
19226059;HOLCIM AG;ASSETS;;;;
19226059;HOLCIM AG;WEBSITE;;;N/A;
19226059;HOLCIM AG;ACTIVITY;;;N/A;
19231130;SCHNEIDER ELECTRIC SE;COUNTRY;;;N/A;
19231130;SCHNEIDER ELECTRIC SE;EMPLOYEES;;;N/A;
19231130;SCHNEIDER ELECTRIC SE;TURNOVER;;;;
19231130;SCHNEIDER ELECTRIC SE;ASSETS;;;;
19231130;SCHNEIDER ELECTRIC SE;WEBSITE;;;N/A;
19231130;SCHNEIDER ELECTRIC SE;ACTIVITY;;;N/A;
19233882;EUROFINS SCIENTIFIC;COUNTRY;;;N/A;
19233882;EUROFINS SCIENTIFIC;EMPLOYEES;;;N/A;
19233882;EUROFINS SCIENTIFIC;TURNOVER;;;;
19233882;EUROFINS SCIENTIFIC;ASSETS;;;;
19233882;EUROFINS SCIENTIFIC;WEBSITE;;;N/A;
19233882;EUROFINS SCIENTIFIC;ACTIVITY;;;N/A;
19234151;REPSOL;COUNTRY;;;N/A;
19234151;REPSOL;EMPLOYEES;;;N/A;
19234151;REPSOL;TURNOVER;;;;
19234151;REPSOL;ASSETS;;;;
19234151;REPSOL;WEBSITE;;;N/A;
19234151;REPSOL;ACTIVITY;;;N/A;
19238855;ANHEUSER-BUSCH INBEV;COUNTRY;;;N/A;
19238855;ANHEUSER-BUSCH INBEV;EMPLOYEES;;;N/A;
19238855;ANHEUSER-BUSCH INBEV;TURNOVER;;;;
19238855;ANHEUSER-BUSCH INBEV;ASSETS;;;;
19238855;ANHEUSER-BUSCH INBEV;WEBSITE;;;N/A;
19238855;ANHEUSER-BUSCH INBEV;ACTIVITY;;;N/A;
19245907;SAMSUNG ELECTRONICS CO. LTD.;COUNTRY;;;N/A;
19245907;SAMSUNG ELECTRONICS CO. LTD.;EMPLOYEES;;;N/A;
19245907;SAMSUNG ELECTRONICS CO. LTD.;TURNOVER;;;;
19245907;SAMSUNG ELECTRONICS CO. LTD.;ASSETS;;;;
19245907;SAMSUNG ELECTRONICS CO. LTD.;WEBSITE;;;N/A;
19245907;SAMSUNG ELECTRONICS CO. LTD.;ACTIVITY;;;N/A;
19249932;NOVO NORDISK;COUNTRY;;;N/A;
19249932;NOVO NORDISK;EMPLOYEES;;;N/A;
19249932;NOVO NORDISK;TURNOVER;;;;
19249932;NOVO NORDISK;ASSETS;;;;
19249932;NOVO NORDISK;WEBSITE;;;N/A;
19249932;NOVO NORDISK;ACTIVITY;;;N/A;
19253725;SOLVAY;COUNTRY;;;N/A;
19253725;SOLVAY;EMPLOYEES;;;N/A;
19253725;SOLVAY;TURNOVER;;;;
19253725;SOLVAY;ASSETS;;;;
19253725;SOLVAY;WEBSITE;;;N/A;
19253725;SOLVAY;ACTIVITY;;;N/A;
19258448;BERTELSMANN STIFTUNG;COUNTRY;;;N/A;
19258448;BERTELSMANN STIFTUNG;EMPLOYEES;;;N/A;
19258448;BERTELSMANN STIFTUNG;TURNOVER;;;;
19258448;BERTELSMANN STIFTUNG;ASSETS;;;;
19258448;BERTELSMANN STIFTUNG;WEBSITE;;;N/A;
19258448;BERTELSMANN STIFTUNG;ACTIVITY;;;N/A;
19261077;ASTRAZENECA PLC;COUNTRY;;;N/A;
19261077;ASTRAZENECA PLC;EMPLOYEES;;;N/A;
19261077;ASTRAZENECA PLC;TURNOVER;;;;
19261077;ASTRAZENECA PLC;ASSETS;;;;
19261077;ASTRAZENECA PLC;WEBSITE;;;N/A;
19261077;ASTRAZENECA PLC;ACTIVITY;;;N/A;
19264134;ISS A/S;COUNTRY;;;N/A;
19264134;ISS A/S;EMPLOYEES;;;N/A;
19264134;ISS A/S;TURNOVER;;;;
19264134;ISS A/S;ASSETS;;;;
19264134;ISS A/S;WEBSITE;;;N/A;
19264134;ISS A/S;ACTIVITY;;;N/A;
19266518;WIENERBERGER GROUP;COUNTRY;;;N/A;
19266518;WIENERBERGER GROUP;EMPLOYEES;;;N/A;
19266518;WIENERBERGER GROUP;TURNOVER;;;;
19266518;WIENERBERGER GROUP;ASSETS;;;;
19266518;WIENERBERGER GROUP;WEBSITE;;;N/A;
19266518;WIENERBERGER GROUP;ACTIVITY;;;N/A;
19275814;VESTAS WIND SYSTEMS A/S;COUNTRY;;;N/A;
19275814;VESTAS WIND SYSTEMS A/S;EMPLOYEES;;;N/A;
19275814;VESTAS WIND SYSTEMS A/S;TURNOVER;;;;
19275814;VESTAS WIND SYSTEMS A/S;ASSETS;;;;
19275814;VESTAS WIND SYSTEMS A/S;WEBSITE;;;N/A;
19275814;VESTAS WIND SYSTEMS A/S;ACTIVITY;;;N/A;
19276100;YARA INTERNATIONAL ASA;COUNTRY;;;N/A;
19276100;YARA INTERNATIONAL ASA;EMPLOYEES;;;N/A;
19276100;YARA INTERNATIONAL ASA;TURNOVER;;;;
19276100;YARA INTERNATIONAL ASA;ASSETS;;;;
19276100;YARA INTERNATIONAL ASA;WEBSITE;;;N/A;
19276100;YARA INTERNATIONAL ASA;ACTIVITY;;;N/A;
19286023;MITSUBISHI CORPORATION;COUNTRY;;;N/A;
19286023;MITSUBISHI CORPORATION;EMPLOYEES;;;N/A;
19286023;MITSUBISHI CORPORATION;TURNOVER;;;;
19286023;MITSUBISHI CORPORATION;ASSETS;;;;
19286023;MITSUBISHI CORPORATION;WEBSITE;;;N/A;
19286023;MITSUBISHI CORPORATION;ACTIVITY;;;N/A;
19287986;ZF FRIEDRICHSHAFEN;COUNTRY;;;N/A;
19287986;ZF FRIEDRICHSHAFEN;EMPLOYEES;;;N/A;
19287986;ZF FRIEDRICHSHAFEN;TURNOVER;;;;
19287986;ZF FRIEDRICHSHAFEN;ASSETS;;;;
19287986;ZF FRIEDRICHSHAFEN;WEBSITE;;;N/A;
19287986;ZF FRIEDRICHSHAFEN;ACTIVITY;;;N/A;
19297963;KRKA TOVARNA ZDRAVIL DD NOVO MESTO;COUNTRY;;;N/A;
19297963;KRKA TOVARNA ZDRAVIL DD NOVO MESTO;EMPLOYEES;;;N/A;
19297963;KRKA TOVARNA ZDRAVIL DD NOVO MESTO;TURNOVER;;;;
19297963;KRKA TOVARNA ZDRAVIL DD NOVO MESTO;ASSETS;;;;
19297963;KRKA TOVARNA ZDRAVIL DD NOVO MESTO;WEBSITE;;;N/A;
19297963;KRKA TOVARNA ZDRAVIL DD NOVO MESTO;ACTIVITY;;;N/A;
19300811;PRYSMIAN S.P.A.;COUNTRY;;;N/A;
19300811;PRYSMIAN S.P.A.;EMPLOYEES;;;N/A;
19300811;PRYSMIAN S.P.A.;TURNOVER;;;;
19300811;PRYSMIAN S.P.A.;ASSETS;;;;
19300811;PRYSMIAN S.P.A.;WEBSITE;;;N/A;
19300811;PRYSMIAN S.P.A.;ACTIVITY;;;N/A;
19312144;CANON INCORPORATED;COUNTRY;;;N/A;
19312144;CANON INCORPORATED;EMPLOYEES;;;N/A;
19312144;CANON INCORPORATED;TURNOVER;;;;
19312144;CANON INCORPORATED;ASSETS;;;;
19312144;CANON INCORPORATED;WEBSITE;;;N/A;
19312144;CANON INCORPORATED;ACTIVITY;;;N/A;
19313683;STANLEY BLACK & DECKER INC.;COUNTRY;;;N/A;
19313683;STANLEY BLACK & DECKER INC.;EMPLOYEES;;;N/A;
19313683;STANLEY BLACK & DECKER INC.;TURNOVER;;;;
19313683;STANLEY BLACK & DECKER INC.;ASSETS;;;;
19313683;STANLEY BLACK & DECKER INC.;WEBSITE;;;N/A;
19313683;STANLEY BLACK & DECKER INC.;ACTIVITY;;;N/A;
19314055;NORSK HYDRO ASA;COUNTRY;;;N/A;
19314055;NORSK HYDRO ASA;EMPLOYEES;;;N/A;
19314055;NORSK HYDRO ASA;TURNOVER;;;;
19314055;NORSK HYDRO ASA;ASSETS;;;;
19314055;NORSK HYDRO ASA;WEBSITE;;;N/A;
19314055;NORSK HYDRO ASA;ACTIVITY;;;N/A;
19331837;EDIZIONE;COUNTRY;;;N/A;
19331837;EDIZIONE;EMPLOYEES;;;N/A;
19331837;EDIZIONE;TURNOVER;;;;
19331837;EDIZIONE;ASSETS;;;;
19331837;EDIZIONE;WEBSITE;;;N/A;
19331837;EDIZIONE;ACTIVITY;;;N/A;
19340550;VINCI;COUNTRY;;;N/A;
19340550;VINCI;EMPLOYEES;;;N/A;
19340550;VINCI;TURNOVER;;;;
19340550;VINCI;ASSETS;;;;
19340550;VINCI;WEBSITE;;;N/A;
19340550;VINCI;ACTIVITY;;;N/A;
19344352;KUEHNE NAGEL;COUNTRY;;;N/A;
19344352;KUEHNE NAGEL;EMPLOYEES;;;N/A;
19344352;KUEHNE NAGEL;TURNOVER;;;;
19344352;KUEHNE NAGEL;ASSETS;;;;
19344352;KUEHNE NAGEL;WEBSITE;;;N/A;
19344352;KUEHNE NAGEL;ACTIVITY;;;N/A;
19346455;STRABAG GROUP;COUNTRY;;;N/A;
19346455;STRABAG GROUP;EMPLOYEES;;;N/A;
19346455;STRABAG GROUP;TURNOVER;;;;
19346455;STRABAG GROUP;ASSETS;;;;
19346455;STRABAG GROUP;WEBSITE;;;N/A;
19346455;STRABAG GROUP;ACTIVITY;;;N/A;
19414796;ATLAS UK BIDCO LIMITED;COUNTRY;;;N/A;
19414796;ATLAS UK BIDCO LIMITED;EMPLOYEES;;;N/A;
19414796;ATLAS UK BIDCO LIMITED;TURNOVER;;;;
19414796;ATLAS UK BIDCO LIMITED;ASSETS;;;;
19414796;ATLAS UK BIDCO LIMITED;WEBSITE;;;N/A;
19414796;ATLAS UK BIDCO LIMITED;ACTIVITY;;;N/A;
20016646;UNILEVER PLC;COUNTRY;;;N/A;
20016646;UNILEVER PLC;EMPLOYEES;;;N/A;
20016646;UNILEVER PLC;TURNOVER;;;;
20016646;UNILEVER PLC;ASSETS;;;;
20016646;UNILEVER PLC;WEBSITE;;;N/A;
20016646;UNILEVER PLC;ACTIVITY;;;N/A;
20029695;PROSEGUR;COUNTRY;;;N/A;
20029695;PROSEGUR;EMPLOYEES;;;N/A;
20029695;PROSEGUR;TURNOVER;;;;
20029695;PROSEGUR;ASSETS;;;;
20029695;PROSEGUR;WEBSITE;;;N/A;
20029695;PROSEGUR;ACTIVITY;;;N/A;
20083504;EATON CORPORATION PLC;COUNTRY;;;N/A;
20083504;EATON CORPORATION PLC;EMPLOYEES;;;N/A;
20083504;EATON CORPORATION PLC;TURNOVER;;;;
20083504;EATON CORPORATION PLC;ASSETS;;;;
20083504;EATON CORPORATION PLC;WEBSITE;;;N/A;
20083504;EATON CORPORATION PLC;ACTIVITY;;;N/A;
20321242;ANDRITZ GROUP;COUNTRY;;;N/A;
20321242;ANDRITZ GROUP;EMPLOYEES;;;N/A;
20321242;ANDRITZ GROUP;TURNOVER;;;;
20321242;ANDRITZ GROUP;ASSETS;;;;
20321242;ANDRITZ GROUP;WEBSITE;;;N/A;
20321242;ANDRITZ GROUP;ACTIVITY;;;N/A;
20336161;ASSECO;COUNTRY;;;N/A;
20336161;ASSECO;EMPLOYEES;;;N/A;
20336161;ASSECO;TURNOVER;;;;
20336161;ASSECO;ASSETS;;;;
20336161;ASSECO;WEBSITE;;;N/A;
20336161;ASSECO;ACTIVITY;;;N/A;
20344223;ELECTRICITE DE FRANCE;COUNTRY;;;N/A;
20344223;ELECTRICITE DE FRANCE;EMPLOYEES;;;N/A;
20344223;ELECTRICITE DE FRANCE;TURNOVER;;;;
20344223;ELECTRICITE DE FRANCE;ASSETS;;;;
20344223;ELECTRICITE DE FRANCE;WEBSITE;;;N/A;
20344223;ELECTRICITE DE FRANCE;ACTIVITY;;;N/A;
20345723;A.P. MOLLER - MAERSK;COUNTRY;;;N/A;
20345723;A.P. MOLLER - MAERSK;EMPLOYEES;;;N/A;
20345723;A.P. MOLLER - MAERSK;TURNOVER;;;;
20345723;A.P. MOLLER - MAERSK;ASSETS;;;;
20345723;A.P. MOLLER - MAERSK;WEBSITE;;;N/A;
20345723;A.P. MOLLER - MAERSK;ACTIVITY;;;N/A;
20397226;L OREAL;COUNTRY;;;N/A;
20397226;L OREAL;EMPLOYEES;;;N/A;
20397226;L OREAL;TURNOVER;;;;
20397226;L OREAL;ASSETS;;;;
20397226;L OREAL;WEBSITE;;;N/A;
20397226;L OREAL;ACTIVITY;;;N/A;
20449369;CARLSBERG A/S;COUNTRY;;;N/A;
20449369;CARLSBERG A/S;EMPLOYEES;;;N/A;
20449369;CARLSBERG A/S;TURNOVER;;;;
20449369;CARLSBERG A/S;ASSETS;;;;
20449369;CARLSBERG A/S;WEBSITE;;;N/A;
20449369;CARLSBERG A/S;ACTIVITY;;;N/A;
20530530;STELLANTIS;COUNTRY;;;N/A;
20530530;STELLANTIS;EMPLOYEES;;;N/A;
20530530;STELLANTIS;TURNOVER;;;;
20530530;STELLANTIS;ASSETS;;;;
20530530;STELLANTIS;WEBSITE;;;N/A;
20530530;STELLANTIS;ACTIVITY;;;N/A;
